{"level":"info","message":{"ip":"::1","method":"GET","path":"/","timestamp":"2024-12-16T11:58:52.270Z"},"timestamp":"2024-12-16T11:58:52.271Z"}
{"level":"info","message":{"ip":"::1","method":"GET","path":"/favicon.ico","timestamp":"2024-12-16T11:58:52.629Z"},"timestamp":"2024-12-16T11:58:52.629Z"}
{"level":"info","message":{"ip":"::1","method":"GET","path":"/api/movies","timestamp":"2024-12-16T12:01:43.938Z"},"timestamp":"2024-12-16T12:01:43.938Z"}
{"level":"info","message":{"ip":"::1","method":"GET","path":"/api/movies","timestamp":"2024-12-16T12:01:43.942Z"},"timestamp":"2024-12-16T12:01:43.942Z"}
{"level":"info","message":{"ip":"::1","method":"GET","path":"/api/movies","timestamp":"2024-12-16T12:02:35.726Z"},"timestamp":"2024-12-16T12:02:35.726Z"}
{"level":"info","message":{"ip":"::1","method":"GET","path":"/api/movies","timestamp":"2024-12-16T12:02:35.729Z"},"timestamp":"2024-12-16T12:02:35.729Z"}
{"level":"info","message":{"ip":"::1","method":"GET","path":"/api/movies","timestamp":"2024-12-16T13:33:29.848Z"},"timestamp":"2024-12-16T13:33:29.849Z"}
{"level":"info","message":{"ip":"::1","method":"GET","path":"/api/movies","timestamp":"2024-12-16T13:33:29.860Z"},"timestamp":"2024-12-16T13:33:29.860Z"}
{"level":"info","message":{"ip":"::1","method":"GET","path":"/api/movies","timestamp":"2024-12-16T13:33:31.479Z"},"timestamp":"2024-12-16T13:33:31.479Z"}
{"level":"info","message":{"ip":"::1","method":"GET","path":"/api/movies","timestamp":"2024-12-16T13:33:31.482Z"},"timestamp":"2024-12-16T13:33:31.482Z"}
{"level":"info","message":{"ip":"::1","method":"GET","path":"/api/movies","timestamp":"2024-12-16T13:35:04.760Z"},"timestamp":"2024-12-16T13:35:04.760Z"}
{"level":"info","message":{"ip":"::1","method":"GET","path":"/api/movies","timestamp":"2024-12-16T13:35:04.766Z"},"timestamp":"2024-12-16T13:35:04.766Z"}
{"level":"info","message":{"ip":"::1","method":"GET","path":"/api/movies","timestamp":"2024-12-16T13:37:31.061Z"},"timestamp":"2024-12-16T13:37:31.062Z"}
{"level":"info","message":{"ip":"::1","method":"GET","path":"/api/movies","timestamp":"2024-12-16T13:37:31.071Z"},"timestamp":"2024-12-16T13:37:31.071Z"}
{"level":"info","message":{"ip":"::1","method":"GET","path":"/api/movies","timestamp":"2024-12-16T13:38:57.058Z"},"timestamp":"2024-12-16T13:38:57.058Z"}
{"level":"info","message":{"ip":"::1","method":"GET","path":"/api/movies","timestamp":"2024-12-16T13:39:00.731Z"},"timestamp":"2024-12-16T13:39:00.731Z"}
{"level":"info","message":{"ip":"::1","method":"GET","path":"/api/movies","timestamp":"2024-12-16T13:39:17.462Z"},"timestamp":"2024-12-16T13:39:17.462Z"}
{"level":"info","message":{"ip":"::1","method":"GET","path":"/api/movies","timestamp":"2024-12-16T13:39:25.362Z"},"timestamp":"2024-12-16T13:39:25.362Z"}
{"level":"info","message":{"ip":"::1","method":"GET","path":"/api/movies","timestamp":"2024-12-16T13:40:08.923Z"},"timestamp":"2024-12-16T13:40:08.924Z"}
{"level":"info","message":{"ip":"::1","method":"GET","path":"/api/movies","timestamp":"2024-12-16T13:42:15.887Z"},"timestamp":"2024-12-16T13:42:15.887Z"}
{"level":"info","message":{"ip":"::1","method":"GET","path":"/api/movies","timestamp":"2024-12-16T13:42:15.889Z"},"timestamp":"2024-12-16T13:42:15.889Z"}
{"level":"info","message":{"ip":"::1","method":"GET","path":"/api/movies","timestamp":"2024-12-16T13:44:07.141Z"},"timestamp":"2024-12-16T13:44:07.141Z"}
{"level":"info","message":{"ip":"::1","method":"GET","path":"/api/movies","timestamp":"2024-12-16T13:44:55.930Z"},"timestamp":"2024-12-16T13:44:55.930Z"}
{"level":"info","message":{"ip":"::1","method":"GET","path":"/api/movies","timestamp":"2024-12-16T13:44:55.932Z"},"timestamp":"2024-12-16T13:44:55.932Z"}
{"level":"info","message":{"ip":"::1","method":"GET","path":"/api/movies","timestamp":"2024-12-16T13:45:00.292Z"},"timestamp":"2024-12-16T13:45:00.292Z"}
{"level":"info","message":{"ip":"::1","method":"GET","path":"/api/movies","timestamp":"2024-12-16T13:45:00.294Z"},"timestamp":"2024-12-16T13:45:00.294Z"}
{"level":"info","message":{"ip":"::1","method":"GET","path":"/api/movies","timestamp":"2024-12-16T13:47:11.139Z"},"timestamp":"2024-12-16T13:47:11.139Z"}
{"level":"info","message":{"ip":"::1","method":"GET","path":"/api/movies","timestamp":"2024-12-16T13:47:30.138Z"},"timestamp":"2024-12-16T13:47:30.138Z"}
{"level":"info","message":{"ip":"::1","method":"GET","path":"/api/movies","timestamp":"2024-12-16T13:52:28.620Z"},"timestamp":"2024-12-16T13:52:28.620Z"}
{"level":"info","message":{"ip":"::1","method":"GET","path":"/api/movies","timestamp":"2024-12-16T13:52:28.709Z"},"timestamp":"2024-12-16T13:52:28.709Z"}
{"level":"info","message":{"ip":"::1","method":"GET","path":"/api/movies","timestamp":"2024-12-16T13:52:28.877Z"},"timestamp":"2024-12-16T13:52:28.877Z"}
{"level":"info","message":{"ip":"::1","method":"GET","path":"/api/movies","timestamp":"2024-12-16T13:52:28.954Z"},"timestamp":"2024-12-16T13:52:28.954Z"}
{"level":"info","message":{"ip":"::1","method":"GET","path":"/api/movies","timestamp":"2024-12-16T13:52:33.387Z"},"timestamp":"2024-12-16T13:52:33.387Z"}
{"level":"info","message":{"ip":"::1","method":"GET","path":"/api/movies","timestamp":"2024-12-16T13:52:33.463Z"},"timestamp":"2024-12-16T13:52:33.463Z"}
{"level":"info","message":{"ip":"::1","method":"GET","path":"/api/movies","timestamp":"2024-12-16T13:52:35.173Z"},"timestamp":"2024-12-16T13:52:35.173Z"}
{"level":"info","message":{"ip":"::1","method":"GET","path":"/api/movies","timestamp":"2024-12-16T13:52:35.257Z"},"timestamp":"2024-12-16T13:52:35.257Z"}
{"level":"info","message":{"ip":"::1","method":"GET","path":"/api/movies","timestamp":"2024-12-16T13:52:35.970Z"},"timestamp":"2024-12-16T13:52:35.970Z"}
{"level":"info","message":{"ip":"::1","method":"GET","path":"/api/movies","timestamp":"2024-12-16T13:52:36.671Z"},"timestamp":"2024-12-16T13:52:36.671Z"}
{"level":"info","message":{"ip":"::1","method":"GET","path":"/api/movies","timestamp":"2024-12-16T13:52:48.149Z"},"timestamp":"2024-12-16T13:52:48.149Z"}
{"level":"info","message":{"ip":"::1","method":"GET","path":"/api/movies","timestamp":"2024-12-16T13:52:48.229Z"},"timestamp":"2024-12-16T13:52:48.229Z"}
{"level":"info","message":{"ip":"::1","method":"GET","path":"/api/movies","timestamp":"2024-12-16T13:52:49.958Z"},"timestamp":"2024-12-16T13:52:49.958Z"}
{"level":"info","message":{"ip":"::1","method":"GET","path":"/api/movies","timestamp":"2024-12-16T13:52:50.036Z"},"timestamp":"2024-12-16T13:52:50.036Z"}
{"level":"info","message":{"ip":"::1","method":"GET","path":"/api/movies","timestamp":"2024-12-16T14:06:02.224Z"},"timestamp":"2024-12-16T14:06:02.224Z"}
{"level":"info","message":{"ip":"::1","method":"GET","path":"/api/movies","timestamp":"2024-12-16T14:06:02.304Z"},"timestamp":"2024-12-16T14:06:02.304Z"}
{"level":"info","message":{"ip":"::1","method":"GET","path":"/api/movies","timestamp":"2024-12-16T14:06:04.584Z"},"timestamp":"2024-12-16T14:06:04.584Z"}
{"level":"info","message":{"ip":"::1","method":"GET","path":"/api/movies","timestamp":"2024-12-16T14:06:04.664Z"},"timestamp":"2024-12-16T14:06:04.664Z"}
{"level":"info","message":{"ip":"::1","method":"GET","path":"/api/movies","timestamp":"2024-12-16T14:07:34.143Z"},"timestamp":"2024-12-16T14:07:34.143Z"}
{"level":"info","message":{"ip":"::1","method":"GET","path":"/api/movies","timestamp":"2024-12-16T14:07:34.221Z"},"timestamp":"2024-12-16T14:07:34.221Z"}
{"level":"info","message":{"ip":"::1","method":"GET","path":"/api/movies","timestamp":"2024-12-16T14:07:42.139Z"},"timestamp":"2024-12-16T14:07:42.139Z"}
{"level":"info","message":{"ip":"::1","method":"GET","path":"/api/movies","timestamp":"2024-12-16T14:07:42.217Z"},"timestamp":"2024-12-16T14:07:42.217Z"}
{"level":"info","message":{"ip":"::1","method":"GET","path":"/api/movies","timestamp":"2024-12-16T14:07:45.985Z"},"timestamp":"2024-12-16T14:07:45.985Z"}
{"level":"info","message":{"ip":"::1","method":"GET","path":"/api/movies","timestamp":"2024-12-16T14:07:46.066Z"},"timestamp":"2024-12-16T14:07:46.066Z"}
{"level":"info","message":{"ip":"::1","method":"GET","path":"/api/movies","timestamp":"2024-12-16T14:17:09.804Z"},"timestamp":"2024-12-16T14:17:09.804Z"}
{"level":"info","message":{"ip":"::1","method":"GET","path":"/api/movies","timestamp":"2024-12-16T14:17:34.462Z"},"timestamp":"2024-12-16T14:17:34.462Z"}
{"level":"info","message":{"ip":"::1","method":"GET","path":"/api/movies","timestamp":"2024-12-16T14:17:43.829Z"},"timestamp":"2024-12-16T14:17:43.830Z"}
{"level":"info","message":{"ip":"::1","method":"GET","path":"/api/movies","timestamp":"2024-12-16T14:17:44.833Z"},"timestamp":"2024-12-16T14:17:44.833Z"}
{"level":"info","message":{"ip":"::1","method":"GET","path":"/api/movies","timestamp":"2024-12-16T14:19:35.759Z"},"timestamp":"2024-12-16T14:19:35.759Z"}
{"level":"info","message":{"ip":"::1","method":"GET","path":"/api/movies","timestamp":"2024-12-16T14:21:15.819Z"},"timestamp":"2024-12-16T14:21:15.820Z"}
{"level":"info","message":{"ip":"::1","method":"GET","path":"/api/movies","timestamp":"2024-12-16T14:25:09.751Z"},"timestamp":"2024-12-16T14:25:09.751Z"}
{"level":"info","message":{"ip":"::1","method":"GET","path":"/api/movies","timestamp":"2024-12-16T14:25:29.724Z"},"timestamp":"2024-12-16T14:25:29.724Z"}
{"level":"info","message":{"ip":"::1","method":"GET","path":"/api/movies","timestamp":"2024-12-16T14:25:30.504Z"},"timestamp":"2024-12-16T14:25:30.504Z"}
{"level":"info","message":{"ip":"::1","method":"GET","path":"/api/movies","timestamp":"2024-12-16T14:25:34.846Z"},"timestamp":"2024-12-16T14:25:34.846Z"}
{"level":"info","message":{"ip":"::1","method":"GET","path":"/api/movies","timestamp":"2024-12-16T14:26:58.318Z"},"timestamp":"2024-12-16T14:26:58.319Z"}
{"level":"info","message":{"ip":"::1","method":"GET","path":"/api/movies","timestamp":"2024-12-16T14:31:28.390Z"},"timestamp":"2024-12-16T14:31:28.390Z"}
{"level":"info","message":{"ip":"::1","method":"GET","path":"/api/movies","timestamp":"2024-12-16T14:31:32.966Z"},"timestamp":"2024-12-16T14:31:32.966Z"}
{"level":"info","message":{"ip":"::1","method":"GET","path":"/api/movies","timestamp":"2024-12-16T14:31:34.209Z"},"timestamp":"2024-12-16T14:31:34.209Z"}
{"level":"info","message":{"ip":"::1","method":"GET","path":"/api/movies","timestamp":"2024-12-16T14:31:56.259Z"},"timestamp":"2024-12-16T14:31:56.259Z"}
{"level":"info","message":{"ip":"::1","method":"GET","path":"/api/movies","timestamp":"2024-12-16T14:35:41.300Z"},"timestamp":"2024-12-16T14:35:41.300Z"}
{"level":"info","message":{"ip":"::1","method":"GET","path":"/api/movies","timestamp":"2024-12-16T14:35:42.203Z"},"timestamp":"2024-12-16T14:35:42.203Z"}
{"level":"info","message":{"ip":"::1","method":"POST","path":"/api/movies","timestamp":"2024-12-16T14:37:18.442Z"},"timestamp":"2024-12-16T14:37:18.442Z"}
{"level":"info","message":{"ip":"::1","method":"GET","path":"/api/movies","timestamp":"2024-12-16T14:38:03.340Z"},"timestamp":"2024-12-16T14:38:03.341Z"}
{"level":"info","message":{"ip":"::1","method":"GET","path":"/api/movies","timestamp":"2024-12-16T14:38:03.866Z"},"timestamp":"2024-12-16T14:38:03.866Z"}
{"level":"info","message":{"ip":"::1","method":"GET","path":"/api/movies","timestamp":"2024-12-16T14:38:27.932Z"},"timestamp":"2024-12-16T14:38:27.932Z"}
{"level":"info","message":{"ip":"::1","method":"GET","path":"/api/movies","timestamp":"2024-12-16T14:38:28.103Z"},"timestamp":"2024-12-16T14:38:28.103Z"}
{"level":"info","message":{"ip":"::1","method":"GET","path":"/api/movies","timestamp":"2024-12-16T14:39:00.554Z"},"timestamp":"2024-12-16T14:39:00.554Z"}
{"level":"info","message":{"ip":"::1","method":"GET","path":"/api/movies","timestamp":"2024-12-16T14:39:00.726Z"},"timestamp":"2024-12-16T14:39:00.726Z"}
{"level":"info","message":{"ip":"::1","method":"GET","path":"/api/movies","timestamp":"2024-12-16T14:39:11.908Z"},"timestamp":"2024-12-16T14:39:11.908Z"}
{"level":"info","message":{"ip":"::1","method":"GET","path":"/api/movies","timestamp":"2024-12-16T14:39:24.440Z"},"timestamp":"2024-12-16T14:39:24.440Z"}
{"level":"info","message":{"ip":"::1","method":"GET","path":"/api/movies","timestamp":"2024-12-16T14:39:24.629Z"},"timestamp":"2024-12-16T14:39:24.629Z"}
{"level":"info","message":{"ip":"::1","method":"GET","path":"/api/movies","timestamp":"2024-12-16T14:40:36.290Z"},"timestamp":"2024-12-16T14:40:36.290Z"}
{"level":"info","message":{"ip":"::1","method":"GET","path":"/api/movies","timestamp":"2024-12-16T14:40:36.760Z"},"timestamp":"2024-12-16T14:40:36.760Z"}
{"level":"info","message":{"ip":"::1","method":"GET","path":"/api/movies","timestamp":"2024-12-16T14:41:10.172Z"},"timestamp":"2024-12-16T14:41:10.172Z"}
{"level":"info","message":{"ip":"::1","method":"GET","path":"/api/movies","timestamp":"2024-12-16T14:41:10.333Z"},"timestamp":"2024-12-16T14:41:10.333Z"}
{"level":"info","message":{"ip":"::1","method":"GET","path":"/api/movies","timestamp":"2024-12-16T14:41:39.594Z"},"timestamp":"2024-12-16T14:41:39.594Z"}
{"level":"info","message":{"ip":"::1","method":"GET","path":"/api/movies","timestamp":"2024-12-16T14:42:06.490Z"},"timestamp":"2024-12-16T14:42:06.490Z"}
{"level":"info","message":{"ip":"::1","method":"GET","path":"/api/movies","timestamp":"2024-12-16T14:42:06.685Z"},"timestamp":"2024-12-16T14:42:06.685Z"}
{"level":"info","message":{"ip":"::1","method":"GET","path":"/api/movies","timestamp":"2024-12-16T14:42:12.979Z"},"timestamp":"2024-12-16T14:42:12.979Z"}
{"level":"info","message":{"ip":"::1","method":"GET","path":"/api/movies","timestamp":"2024-12-16T14:42:13.162Z"},"timestamp":"2024-12-16T14:42:13.162Z"}
{"level":"info","message":{"ip":"::1","method":"GET","path":"/api/movies","timestamp":"2024-12-16T14:42:21.945Z"},"timestamp":"2024-12-16T14:42:21.945Z"}
{"level":"info","message":{"ip":"::1","method":"GET","path":"/api/movies","timestamp":"2024-12-16T14:42:22.129Z"},"timestamp":"2024-12-16T14:42:22.129Z"}
{"level":"info","message":{"ip":"::1","method":"GET","path":"/api/movies","timestamp":"2024-12-16T14:42:29.059Z"},"timestamp":"2024-12-16T14:42:29.059Z"}
{"level":"info","message":{"ip":"::1","method":"GET","path":"/api/movies","timestamp":"2024-12-16T14:42:29.229Z"},"timestamp":"2024-12-16T14:42:29.229Z"}
{"level":"info","message":{"ip":"::1","method":"GET","path":"/api/movies","timestamp":"2024-12-16T14:44:05.142Z"},"timestamp":"2024-12-16T14:44:05.142Z"}
{"level":"info","message":{"ip":"::1","method":"GET","path":"/api/movies","timestamp":"2024-12-16T14:44:24.138Z"},"timestamp":"2024-12-16T14:44:24.138Z"}
{"level":"info","message":{"ip":"::1","method":"GET","path":"/api/movies","timestamp":"2024-12-16T14:44:30.010Z"},"timestamp":"2024-12-16T14:44:30.010Z"}
{"level":"info","message":{"ip":"::1","method":"GET","path":"/api/movies","timestamp":"2024-12-16T14:44:30.185Z"},"timestamp":"2024-12-16T14:44:30.185Z"}
{"level":"info","message":{"ip":"::1","method":"GET","path":"/api/movies","timestamp":"2024-12-16T14:47:28.491Z"},"timestamp":"2024-12-16T14:47:28.492Z"}
{"level":"info","message":{"ip":"::1","method":"GET","path":"/api/movies","timestamp":"2024-12-16T14:47:28.717Z"},"timestamp":"2024-12-16T14:47:28.718Z"}
{"level":"info","message":{"ip":"::1","method":"GET","path":"/api/movies","timestamp":"2024-12-16T14:51:42.719Z"},"timestamp":"2024-12-16T14:51:42.719Z"}
{"level":"info","message":{"ip":"::1","method":"GET","path":"/api/movies","timestamp":"2024-12-16T14:51:42.947Z"},"timestamp":"2024-12-16T14:51:42.947Z"}
{"level":"info","message":{"ip":"::1","method":"GET","path":"/api/movies","timestamp":"2024-12-16T14:51:53.695Z"},"timestamp":"2024-12-16T14:51:53.695Z"}
{"level":"info","message":{"ip":"::1","method":"GET","path":"/api/movies","timestamp":"2024-12-16T14:54:48.142Z"},"timestamp":"2024-12-16T14:54:48.142Z"}
{"level":"info","message":{"ip":"::1","method":"GET","path":"/api/movies","timestamp":"2024-12-16T14:54:48.378Z"},"timestamp":"2024-12-16T14:54:48.378Z"}
{"level":"info","message":{"ip":"::1","method":"GET","path":"/api/movies","timestamp":"2024-12-16T14:54:57.139Z"},"timestamp":"2024-12-16T14:54:57.139Z"}
{"level":"info","message":{"ip":"::1","method":"GET","path":"/api/movies","timestamp":"2024-12-16T14:54:57.322Z"},"timestamp":"2024-12-16T14:54:57.322Z"}
{"level":"info","message":{"ip":"::1","method":"GET","path":"/api/movies","timestamp":"2024-12-16T14:55:14.142Z"},"timestamp":"2024-12-16T14:55:14.142Z"}
{"level":"info","message":{"ip":"::1","method":"GET","path":"/api/movies","timestamp":"2024-12-16T14:55:14.330Z"},"timestamp":"2024-12-16T14:55:14.330Z"}
{"level":"info","message":{"ip":"::1","method":"GET","path":"/api/movies","timestamp":"2024-12-16T14:55:35.139Z"},"timestamp":"2024-12-16T14:55:35.139Z"}
{"level":"info","message":{"ip":"::1","method":"GET","path":"/api/movies","timestamp":"2024-12-16T14:55:35.310Z"},"timestamp":"2024-12-16T14:55:35.311Z"}
{"level":"info","message":{"ip":"::1","method":"GET","path":"/api/movies","timestamp":"2024-12-16T14:56:53.181Z"},"timestamp":"2024-12-16T14:56:53.181Z"}
{"level":"info","message":{"ip":"::1","method":"GET","path":"/api/movies","timestamp":"2024-12-16T14:56:53.402Z"},"timestamp":"2024-12-16T14:56:53.402Z"}
{"level":"info","message":{"ip":"::1","method":"POST","path":"/api/auth/login","timestamp":"2024-12-16T14:57:01.931Z"},"timestamp":"2024-12-16T14:57:01.931Z"}
{"level":"info","message":{"ip":"::1","method":"POST","path":"/api/auth/login","timestamp":"2024-12-16T14:57:04.831Z"},"timestamp":"2024-12-16T14:57:04.831Z"}
{"level":"info","message":{"ip":"::1","method":"GET","path":"/api/movies","timestamp":"2024-12-16T14:57:06.987Z"},"timestamp":"2024-12-16T14:57:06.987Z"}
{"level":"info","message":{"ip":"::1","method":"GET","path":"/api/movies","timestamp":"2024-12-16T14:57:07.218Z"},"timestamp":"2024-12-16T14:57:07.218Z"}
{"level":"info","message":{"ip":"::1","method":"GET","path":"/api/movies","timestamp":"2024-12-16T14:58:55.139Z"},"timestamp":"2024-12-16T14:58:55.139Z"}
{"level":"info","message":{"ip":"::1","method":"GET","path":"/api/movies","timestamp":"2024-12-16T14:58:55.417Z"},"timestamp":"2024-12-16T14:58:55.417Z"}
{"level":"info","message":{"ip":"::1","method":"GET","path":"/api/movies","timestamp":"2024-12-16T14:58:57.142Z"},"timestamp":"2024-12-16T14:58:57.142Z"}
{"level":"info","message":{"ip":"::1","method":"GET","path":"/api/movies","timestamp":"2024-12-16T14:58:57.256Z"},"timestamp":"2024-12-16T14:58:57.256Z"}
{"level":"info","message":{"ip":"::1","method":"GET","path":"/api/movies","timestamp":"2024-12-16T14:59:07.139Z"},"timestamp":"2024-12-16T14:59:07.139Z"}
{"level":"info","message":{"ip":"::1","method":"GET","path":"/api/movies","timestamp":"2024-12-16T14:59:07.656Z"},"timestamp":"2024-12-16T14:59:07.656Z"}
{"level":"info","message":{"ip":"::1","method":"GET","path":"/api/movies","timestamp":"2024-12-16T14:59:09.455Z"},"timestamp":"2024-12-16T14:59:09.455Z"}
{"level":"info","message":{"ip":"::1","method":"GET","path":"/api/movies","timestamp":"2024-12-16T14:59:09.569Z"},"timestamp":"2024-12-16T14:59:09.569Z"}
{"level":"info","message":{"ip":"::1","method":"GET","path":"/api/movies","timestamp":"2024-12-16T14:59:14.032Z"},"timestamp":"2024-12-16T14:59:14.032Z"}
{"level":"info","message":{"ip":"::1","method":"GET","path":"/api/movies","timestamp":"2024-12-16T14:59:14.147Z"},"timestamp":"2024-12-16T14:59:14.147Z"}
{"level":"info","message":{"ip":"::1","method":"GET","path":"/api/movies","timestamp":"2024-12-16T14:59:15.926Z"},"timestamp":"2024-12-16T14:59:15.926Z"}
{"level":"info","message":{"ip":"::1","method":"GET","path":"/api/movies","timestamp":"2024-12-16T14:59:16.040Z"},"timestamp":"2024-12-16T14:59:16.040Z"}
{"level":"info","message":{"ip":"::1","method":"GET","path":"/api/movies","timestamp":"2024-12-16T14:59:17.417Z"},"timestamp":"2024-12-16T14:59:17.417Z"}
{"level":"info","message":{"ip":"::1","method":"GET","path":"/api/movies","timestamp":"2024-12-16T14:59:17.535Z"},"timestamp":"2024-12-16T14:59:17.535Z"}
{"level":"info","message":{"ip":"::1","method":"GET","path":"/api/movies","timestamp":"2024-12-16T14:59:22.280Z"},"timestamp":"2024-12-16T14:59:22.280Z"}
{"level":"info","message":{"ip":"::1","method":"GET","path":"/api/movies","timestamp":"2024-12-16T14:59:22.389Z"},"timestamp":"2024-12-16T14:59:22.389Z"}
{"level":"info","message":{"ip":"::1","method":"POST","path":"/api/auth/login","timestamp":"2024-12-16T15:01:31.547Z"},"timestamp":"2024-12-16T15:01:31.547Z"}
{"level":"info","message":{"ip":"::1","method":"GET","path":"/api/movies","timestamp":"2024-12-16T15:01:35.069Z"},"timestamp":"2024-12-16T15:01:35.069Z"}
{"level":"info","message":{"ip":"::1","method":"GET","path":"/api/movies","timestamp":"2024-12-16T15:01:35.290Z"},"timestamp":"2024-12-16T15:01:35.290Z"}
{"level":"info","message":{"ip":"::1","method":"GET","path":"/api/movies","timestamp":"2024-12-16T15:03:58.325Z"},"timestamp":"2024-12-16T15:03:58.325Z"}
{"level":"info","message":{"ip":"::1","method":"GET","path":"/api/movies","timestamp":"2024-12-16T15:03:58.601Z"},"timestamp":"2024-12-16T15:03:58.601Z"}
{"level":"info","message":{"ip":"::1","method":"GET","path":"/api/movies","timestamp":"2024-12-16T15:04:01.819Z"},"timestamp":"2024-12-16T15:04:01.819Z"}
{"level":"info","message":{"ip":"::1","method":"GET","path":"/api/movies","timestamp":"2024-12-16T15:04:01.937Z"},"timestamp":"2024-12-16T15:04:01.937Z"}
{"level":"info","message":{"ip":"::1","method":"GET","path":"/api/movies","timestamp":"2024-12-16T15:04:05.697Z"},"timestamp":"2024-12-16T15:04:05.697Z"}
{"level":"info","message":{"ip":"::1","method":"GET","path":"/api/movies","timestamp":"2024-12-16T15:04:05.812Z"},"timestamp":"2024-12-16T15:04:05.812Z"}
{"level":"info","message":{"ip":"::1","method":"POST","path":"/api/auth/login","timestamp":"2024-12-16T15:04:13.202Z"},"timestamp":"2024-12-16T15:04:13.202Z"}
{"level":"info","message":{"ip":"::1","method":"GET","path":"/api/movies","timestamp":"2024-12-16T15:04:17.200Z"},"timestamp":"2024-12-16T15:04:17.200Z"}
{"level":"info","message":{"ip":"::1","method":"GET","path":"/api/movies","timestamp":"2024-12-16T15:04:17.411Z"},"timestamp":"2024-12-16T15:04:17.411Z"}
{"level":"info","message":{"ip":"::1","method":"POST","path":"/api/auth/login","timestamp":"2024-12-16T15:04:42.930Z"},"timestamp":"2024-12-16T15:04:42.930Z"}
{"level":"info","message":{"ip":"::1","method":"GET","path":"/api/movies","timestamp":"2024-12-16T15:04:59.015Z"},"timestamp":"2024-12-16T15:04:59.015Z"}
{"level":"info","message":{"ip":"::1","method":"GET","path":"/api/movies","timestamp":"2024-12-16T15:04:59.238Z"},"timestamp":"2024-12-16T15:04:59.238Z"}
{"level":"info","message":{"ip":"::1","method":"POST","path":"/api/playlist/add","timestamp":"2024-12-16T15:14:32.735Z"},"timestamp":"2024-12-16T15:14:32.735Z"}
{"level":"info","message":{"ip":"::1","method":"GET","path":"/api/movies/1138194","timestamp":"2024-12-16T15:14:36.024Z"},"timestamp":"2024-12-16T15:14:36.024Z"}
{"level":"info","message":{"ip":"::1","method":"GET","path":"/api/movies/1138194","timestamp":"2024-12-16T15:14:36.030Z"},"timestamp":"2024-12-16T15:14:36.030Z"}
{"level":"info","message":{"ip":"::1","method":"GET","path":"/api/movies","timestamp":"2024-12-16T15:14:37.399Z"},"timestamp":"2024-12-16T15:14:37.399Z"}
{"level":"info","message":{"ip":"::1","method":"GET","path":"/api/movies","timestamp":"2024-12-16T15:14:37.612Z"},"timestamp":"2024-12-16T15:14:37.612Z"}
{"level":"info","message":{"ip":"::1","method":"GET","path":"/api/movies","timestamp":"2024-12-16T15:14:39.154Z"},"timestamp":"2024-12-16T15:14:39.154Z"}
{"level":"info","message":{"ip":"::1","method":"GET","path":"/api/movies","timestamp":"2024-12-16T15:14:39.265Z"},"timestamp":"2024-12-16T15:14:39.265Z"}
{"level":"info","message":{"ip":"::1","method":"POST","path":"/api/playlist/add","timestamp":"2024-12-16T15:14:45.057Z"},"timestamp":"2024-12-16T15:14:45.057Z"}
{"level":"info","message":{"ip":"::1","method":"POST","path":"/api/playlist/add","timestamp":"2024-12-16T15:14:48.925Z"},"timestamp":"2024-12-16T15:14:48.925Z"}
{"level":"info","message":{"ip":"::1","method":"GET","path":"/api/movies","timestamp":"2024-12-16T15:15:21.203Z"},"timestamp":"2024-12-16T15:15:21.203Z"}
{"level":"info","message":{"ip":"::1","method":"GET","path":"/api/movies","timestamp":"2024-12-16T15:15:21.432Z"},"timestamp":"2024-12-16T15:15:21.432Z"}
{"level":"info","message":{"ip":"::1","method":"POST","path":"/api/playlist/add","timestamp":"2024-12-16T15:15:34.354Z"},"timestamp":"2024-12-16T15:15:34.354Z"}
{"level":"info","message":{"ip":"::1","method":"GET","path":"/api/movies","timestamp":"2024-12-16T15:17:39.934Z"},"timestamp":"2024-12-16T15:17:39.934Z"}
{"level":"info","message":{"ip":"::1","method":"GET","path":"/api/movies","timestamp":"2024-12-16T15:17:40.149Z"},"timestamp":"2024-12-16T15:17:40.149Z"}
{"level":"info","message":{"ip":"::1","method":"POST","path":"/api/auth/login","timestamp":"2024-12-16T15:17:46.720Z"},"timestamp":"2024-12-16T15:17:46.720Z"}
{"level":"info","message":{"ip":"::1","method":"POST","path":"/api/playlist/add","timestamp":"2024-12-16T15:18:13.478Z"},"timestamp":"2024-12-16T15:18:13.478Z"}
{"level":"info","message":{"ip":"::1","method":"GET","path":"/api/movies/1241982","timestamp":"2024-12-16T15:18:22.593Z"},"timestamp":"2024-12-16T15:18:22.593Z"}
{"level":"info","message":{"ip":"::1","method":"GET","path":"/api/movies/1241982","timestamp":"2024-12-16T15:18:22.598Z"},"timestamp":"2024-12-16T15:18:22.598Z"}
{"level":"info","message":{"ip":"::1","method":"GET","path":"/api/movies","timestamp":"2024-12-16T15:18:30.024Z"},"timestamp":"2024-12-16T15:18:30.024Z"}
{"level":"info","message":{"ip":"::1","method":"GET","path":"/api/movies","timestamp":"2024-12-16T15:18:30.242Z"},"timestamp":"2024-12-16T15:18:30.242Z"}
{"level":"info","message":{"ip":"::1","method":"GET","path":"/api/movies","timestamp":"2024-12-16T15:18:31.510Z"},"timestamp":"2024-12-16T15:18:31.510Z"}
{"level":"info","message":{"ip":"::1","method":"GET","path":"/api/movies","timestamp":"2024-12-16T15:18:31.628Z"},"timestamp":"2024-12-16T15:18:31.628Z"}
{"level":"info","message":{"ip":"::1","method":"GET","path":"/api/movies","timestamp":"2024-12-16T15:19:52.562Z"},"timestamp":"2024-12-16T15:19:52.562Z"}
{"level":"info","message":{"ip":"::1","method":"GET","path":"/api/movies","timestamp":"2024-12-16T15:19:52.803Z"},"timestamp":"2024-12-16T15:19:52.803Z"}
{"level":"info","message":{"ip":"::1","method":"POST","path":"/api/playlist/add","timestamp":"2024-12-16T15:19:55.024Z"},"timestamp":"2024-12-16T15:19:55.024Z"}
{"level":"info","message":{"ip":"::1","method":"GET","path":"/api/movies","timestamp":"2024-12-16T15:28:32.379Z"},"timestamp":"2024-12-16T15:28:32.379Z"}
{"level":"info","message":{"ip":"::1","method":"GET","path":"/api/movies","timestamp":"2024-12-16T15:28:32.622Z"},"timestamp":"2024-12-16T15:28:32.622Z"}
{"level":"info","message":{"ip":"::1","method":"POST","path":"/api/playlist/add","timestamp":"2024-12-16T15:28:34.907Z"},"timestamp":"2024-12-16T15:28:34.907Z"}
{"level":"info","message":{"ip":"::1","method":"POST","path":"/api/auth/login","timestamp":"2024-12-16T15:28:45.391Z"},"timestamp":"2024-12-16T15:28:45.391Z"}
{"level":"info","message":{"ip":"::1","method":"GET","path":"/api/movies","timestamp":"2024-12-16T15:29:19.187Z"},"timestamp":"2024-12-16T15:29:19.187Z"}
{"level":"info","message":{"ip":"::1","method":"GET","path":"/api/movies","timestamp":"2024-12-16T15:29:19.410Z"},"timestamp":"2024-12-16T15:29:19.410Z"}
{"level":"info","message":{"ip":"::1","method":"POST","path":"/api/auth/login","timestamp":"2024-12-16T15:29:24.442Z"},"timestamp":"2024-12-16T15:29:24.442Z"}
{"level":"info","message":{"ip":"::1","method":"GET","path":"/api/movies","timestamp":"2024-12-16T15:30:19.965Z"},"timestamp":"2024-12-16T15:30:19.965Z"}
{"level":"info","message":{"ip":"::1","method":"GET","path":"/api/movies","timestamp":"2024-12-16T15:30:20.210Z"},"timestamp":"2024-12-16T15:30:20.210Z"}
{"level":"info","message":{"ip":"::1","method":"POST","path":"/api/auth/login","timestamp":"2024-12-16T15:30:25.252Z"},"timestamp":"2024-12-16T15:30:25.252Z"}
{"level":"info","message":{"ip":"::1","method":"GET","path":"/api/movies","timestamp":"2024-12-16T15:31:25.495Z"},"timestamp":"2024-12-16T15:31:25.495Z"}
{"level":"info","message":{"ip":"::1","method":"GET","path":"/api/movies","timestamp":"2024-12-16T15:31:25.750Z"},"timestamp":"2024-12-16T15:31:25.750Z"}
{"level":"info","message":{"ip":"::1","method":"POST","path":"/api/auth/login","timestamp":"2024-12-16T15:31:30.778Z"},"timestamp":"2024-12-16T15:31:30.778Z"}
{"level":"info","message":{"ip":"::1","method":"POST","path":"/api/playlist/add","timestamp":"2024-12-16T15:33:14.491Z"},"timestamp":"2024-12-16T15:33:14.491Z"}
{"level":"info","message":{"ip":"::1","method":"POST","path":"/api/auth/login","timestamp":"2024-12-16T15:34:58.747Z"},"timestamp":"2024-12-16T15:34:58.747Z"}
{"level":"info","message":{"ip":"::1","method":"POST","path":"/api/playlist/add","timestamp":"2024-12-16T15:35:00.678Z"},"timestamp":"2024-12-16T15:35:00.678Z"}
{"level":"info","message":{"ip":"::1","method":"GET","path":"/api/movies","timestamp":"2024-12-16T15:35:20.132Z"},"timestamp":"2024-12-16T15:35:20.132Z"}
{"level":"info","message":{"ip":"::1","method":"GET","path":"/api/movies","timestamp":"2024-12-16T15:35:20.572Z"},"timestamp":"2024-12-16T15:35:20.572Z"}
{"level":"info","message":{"ip":"::1","method":"POST","path":"/api/auth/login","timestamp":"2024-12-16T15:35:45.791Z"},"timestamp":"2024-12-16T15:35:45.791Z"}
{"level":"info","message":{"ip":"::1","method":"POST","path":"/api/playlist/add","timestamp":"2024-12-16T15:35:57.872Z"},"timestamp":"2024-12-16T15:35:57.872Z"}
{"level":"info","message":{"ip":"::1","method":"GET","path":"/api/movies","timestamp":"2024-12-16T15:36:33.211Z"},"timestamp":"2024-12-16T15:36:33.211Z"}
{"level":"info","message":{"ip":"::1","method":"GET","path":"/api/movies","timestamp":"2024-12-16T15:36:33.427Z"},"timestamp":"2024-12-16T15:36:33.427Z"}
{"level":"info","message":{"ip":"::1","method":"GET","path":"/api/movies","timestamp":"2024-12-16T15:36:36.379Z"},"timestamp":"2024-12-16T15:36:36.379Z"}
{"level":"info","message":{"ip":"::1","method":"GET","path":"/api/movies","timestamp":"2024-12-16T15:36:36.496Z"},"timestamp":"2024-12-16T15:36:36.496Z"}
{"level":"info","message":{"ip":"::1","method":"POST","path":"/api/auth/login","timestamp":"2024-12-16T15:36:43.399Z"},"timestamp":"2024-12-16T15:36:43.399Z"}
{"level":"info","message":{"ip":"::1","method":"GET","path":"/api/movies","timestamp":"2024-12-16T15:38:11.906Z"},"timestamp":"2024-12-16T15:38:11.906Z"}
{"level":"info","message":{"ip":"::1","method":"GET","path":"/api/movies","timestamp":"2024-12-16T15:38:12.118Z"},"timestamp":"2024-12-16T15:38:12.118Z"}
{"level":"info","message":{"ip":"::1","method":"GET","path":"/api/movies","timestamp":"2024-12-16T15:38:19.819Z"},"timestamp":"2024-12-16T15:38:19.819Z"}
{"level":"info","message":{"ip":"::1","method":"GET","path":"/api/movies","timestamp":"2024-12-16T15:38:19.989Z"},"timestamp":"2024-12-16T15:38:19.989Z"}
{"level":"info","message":{"ip":"::1","method":"POST","path":"/api/auth/login","timestamp":"2024-12-16T15:38:25.582Z"},"timestamp":"2024-12-16T15:38:25.582Z"}
{"level":"info","message":{"ip":"::1","method":"POST","path":"/api/playlist/add","timestamp":"2024-12-16T15:38:28.031Z"},"timestamp":"2024-12-16T15:38:28.031Z"}
{"level":"info","message":{"ip":"::1","method":"GET","path":"/api/movies","timestamp":"2024-12-16T15:39:34.588Z"},"timestamp":"2024-12-16T15:39:34.588Z"}
{"level":"info","message":{"ip":"::1","method":"GET","path":"/api/movies","timestamp":"2024-12-16T15:39:34.804Z"},"timestamp":"2024-12-16T15:39:34.804Z"}
{"level":"info","message":{"ip":"::1","method":"POST","path":"/api/playlist/add","timestamp":"2024-12-16T15:39:36.291Z"},"timestamp":"2024-12-16T15:39:36.291Z"}
{"level":"info","message":{"ip":"::1","method":"GET","path":"/api/movies","timestamp":"2024-12-16T15:40:28.155Z"},"timestamp":"2024-12-16T15:40:28.155Z"}
{"level":"info","message":{"ip":"::1","method":"GET","path":"/api/movies","timestamp":"2024-12-16T15:40:28.327Z"},"timestamp":"2024-12-16T15:40:28.327Z"}
{"level":"info","message":{"ip":"::1","method":"POST","path":"/api/playlist/add","timestamp":"2024-12-16T15:40:30.013Z"},"timestamp":"2024-12-16T15:40:30.013Z"}
{"level":"info","message":{"ip":"::1","method":"GET","path":"/api/movies","timestamp":"2024-12-16T15:41:48.211Z"},"timestamp":"2024-12-16T15:41:48.211Z"}
{"level":"info","message":{"ip":"::1","method":"GET","path":"/api/movies","timestamp":"2024-12-16T15:41:48.467Z"},"timestamp":"2024-12-16T15:41:48.467Z"}
{"level":"info","message":{"ip":"::1","method":"POST","path":"/api/playlist/add","timestamp":"2024-12-16T15:41:50.110Z"},"timestamp":"2024-12-16T15:41:50.110Z"}
{"level":"info","message":{"ip":"::1","method":"GET","path":"/api/movies","timestamp":"2024-12-16T15:42:48.181Z"},"timestamp":"2024-12-16T15:42:48.181Z"}
{"level":"info","message":{"ip":"::1","method":"GET","path":"/api/movies","timestamp":"2024-12-16T15:42:48.404Z"},"timestamp":"2024-12-16T15:42:48.404Z"}
{"level":"info","message":{"ip":"::1","method":"POST","path":"/api/playlist/add","timestamp":"2024-12-16T15:42:52.782Z"},"timestamp":"2024-12-16T15:42:52.782Z"}
{"level":"info","message":{"ip":"::1","method":"POST","path":"/api/playlist/add","timestamp":"2024-12-16T15:42:55.860Z"},"timestamp":"2024-12-16T15:42:55.860Z"}
{"level":"info","message":{"ip":"::1","method":"POST","path":"/api/playlist/add","timestamp":"2024-12-16T15:42:56.967Z"},"timestamp":"2024-12-16T15:42:56.967Z"}
{"level":"info","message":{"ip":"::1","method":"POST","path":"/api/playlist/add","timestamp":"2024-12-16T15:42:57.945Z"},"timestamp":"2024-12-16T15:42:57.945Z"}
{"level":"info","message":{"ip":"::1","method":"POST","path":"/api/playlist/add","timestamp":"2024-12-16T15:43:02.210Z"},"timestamp":"2024-12-16T15:43:02.210Z"}
{"level":"info","message":{"ip":"::1","method":"POST","path":"/api/auth/login","timestamp":"2024-12-16T15:43:34.260Z"},"timestamp":"2024-12-16T15:43:34.260Z"}
{"level":"info","message":{"ip":"::1","method":"POST","path":"/api/playlist/add","timestamp":"2024-12-16T15:43:36.119Z"},"timestamp":"2024-12-16T15:43:36.119Z"}
{"level":"info","message":{"ip":"::1","method":"POST","path":"/api/playlist/add","timestamp":"2024-12-16T15:45:23.529Z"},"timestamp":"2024-12-16T15:45:23.529Z"}
{"level":"info","message":{"ip":"::1","method":"POST","path":"/api/playlist/add","timestamp":"2024-12-16T15:45:26.137Z"},"timestamp":"2024-12-16T15:45:26.137Z"}
{"level":"info","message":{"ip":"::1","method":"GET","path":"/api/movies/1035048","timestamp":"2024-12-16T15:47:02.881Z"},"timestamp":"2024-12-16T15:47:02.881Z"}
{"level":"info","message":{"ip":"::1","method":"GET","path":"/api/movies/1035048","timestamp":"2024-12-16T15:47:02.883Z"},"timestamp":"2024-12-16T15:47:02.883Z"}
{"level":"info","message":{"ip":"::1","method":"GET","path":"/api/movies","timestamp":"2024-12-16T15:49:08.168Z"},"timestamp":"2024-12-16T15:49:08.168Z"}
{"level":"info","message":{"ip":"::1","method":"GET","path":"/api/movies","timestamp":"2024-12-16T15:49:08.391Z"},"timestamp":"2024-12-16T15:49:08.391Z"}
{"level":"info","message":{"ip":"::1","method":"GET","path":"/api/movies","timestamp":"2024-12-16T15:49:10.010Z"},"timestamp":"2024-12-16T15:49:10.010Z"}
{"level":"info","message":{"ip":"::1","method":"GET","path":"/api/movies","timestamp":"2024-12-16T15:49:10.125Z"},"timestamp":"2024-12-16T15:49:10.125Z"}
{"level":"info","message":{"ip":"::1","method":"GET","path":"/api/movies","timestamp":"2024-12-16T15:49:12.661Z"},"timestamp":"2024-12-16T15:49:12.661Z"}
{"level":"info","message":{"ip":"::1","method":"GET","path":"/api/movies","timestamp":"2024-12-16T15:49:12.772Z"},"timestamp":"2024-12-16T15:49:12.772Z"}
{"level":"info","message":{"ip":"::1","method":"POST","path":"/api/auth/login","timestamp":"2024-12-16T15:49:18.400Z"},"timestamp":"2024-12-16T15:49:18.400Z"}
{"level":"info","message":{"ip":"::1","method":"POST","path":"/api/playlist/add","timestamp":"2024-12-16T15:49:21.528Z"},"timestamp":"2024-12-16T15:49:21.528Z"}
{"level":"info","message":{"ip":"::1","method":"POST","path":"/api/playlist/add","timestamp":"2024-12-16T15:49:23.625Z"},"timestamp":"2024-12-16T15:49:23.625Z"}
{"level":"info","message":{"ip":"::1","method":"GET","path":"/api/movies","timestamp":"2024-12-16T15:50:42.390Z"},"timestamp":"2024-12-16T15:50:42.390Z"}
{"level":"info","message":{"ip":"::1","method":"GET","path":"/api/movies","timestamp":"2024-12-16T15:50:42.614Z"},"timestamp":"2024-12-16T15:50:42.614Z"}
{"level":"info","message":{"ip":"::1","method":"GET","path":"/api/movies","timestamp":"2024-12-16T15:51:23.089Z"},"timestamp":"2024-12-16T15:51:23.089Z"}
{"level":"info","message":{"ip":"::1","method":"GET","path":"/api/movies","timestamp":"2024-12-16T15:51:23.304Z"},"timestamp":"2024-12-16T15:51:23.304Z"}
{"level":"info","message":{"ip":"::1","method":"GET","path":"/api/movies","timestamp":"2024-12-16T15:51:25.253Z"},"timestamp":"2024-12-16T15:51:25.253Z"}
{"level":"info","message":{"ip":"::1","method":"GET","path":"/api/movies","timestamp":"2024-12-16T15:51:25.365Z"},"timestamp":"2024-12-16T15:51:25.365Z"}
{"level":"info","message":{"ip":"::1","method":"GET","path":"/api/movies","timestamp":"2024-12-16T15:51:31.817Z"},"timestamp":"2024-12-16T15:51:31.818Z"}
{"level":"info","message":{"ip":"::1","method":"GET","path":"/api/movies","timestamp":"2024-12-16T15:51:31.994Z"},"timestamp":"2024-12-16T15:51:31.994Z"}
{"level":"info","message":{"ip":"::1","method":"POST","path":"/api/playlist/add","timestamp":"2024-12-16T15:51:35.148Z"},"timestamp":"2024-12-16T15:51:35.148Z"}
{"level":"info","message":{"ip":"::1","method":"GET","path":"/api/movies","timestamp":"2024-12-16T15:53:32.862Z"},"timestamp":"2024-12-16T15:53:32.862Z"}
{"level":"info","message":{"ip":"::1","method":"GET","path":"/api/movies","timestamp":"2024-12-16T15:53:33.101Z"},"timestamp":"2024-12-16T15:53:33.101Z"}
{"level":"info","message":{"ip":"::1","method":"GET","path":"/api/movies/974453","timestamp":"2024-12-16T15:53:35.024Z"},"timestamp":"2024-12-16T15:53:35.025Z"}
{"level":"info","message":{"ip":"::1","method":"GET","path":"/api/movies/974453","timestamp":"2024-12-16T15:53:35.302Z"},"timestamp":"2024-12-16T15:53:35.302Z"}
{"level":"info","message":{"ip":"::1","method":"GET","path":"/api/movies/974453","timestamp":"2024-12-16T15:53:38.878Z"},"timestamp":"2024-12-16T15:53:38.878Z"}
{"level":"info","message":{"ip":"::1","method":"GET","path":"/api/movies/974453","timestamp":"2024-12-16T15:53:39.143Z"},"timestamp":"2024-12-16T15:53:39.143Z"}
{"level":"info","message":{"ip":"::1","method":"GET","path":"/api/movies","timestamp":"2024-12-16T15:53:39.989Z"},"timestamp":"2024-12-16T15:53:39.989Z"}
{"level":"info","message":{"ip":"::1","method":"GET","path":"/api/movies","timestamp":"2024-12-16T15:53:40.110Z"},"timestamp":"2024-12-16T15:53:40.110Z"}
{"level":"info","message":{"ip":"::1","method":"GET","path":"/api/movies","timestamp":"2024-12-16T15:53:41.646Z"},"timestamp":"2024-12-16T15:53:41.646Z"}
{"level":"info","message":{"ip":"::1","method":"GET","path":"/api/movies","timestamp":"2024-12-16T15:53:41.758Z"},"timestamp":"2024-12-16T15:53:41.759Z"}
{"level":"info","message":{"ip":"::1","method":"GET","path":"/api/movies/845781","timestamp":"2024-12-16T15:53:43.651Z"},"timestamp":"2024-12-16T15:53:43.651Z"}
{"level":"info","message":{"ip":"::1","method":"GET","path":"/api/movies/845781","timestamp":"2024-12-16T15:53:43.916Z"},"timestamp":"2024-12-16T15:53:43.916Z"}
{"level":"info","message":{"ip":"::1","method":"GET","path":"/api/movies","timestamp":"2024-12-16T15:54:48.246Z"},"timestamp":"2024-12-16T15:54:48.247Z"}
{"level":"info","message":{"ip":"::1","method":"GET","path":"/api/movies","timestamp":"2024-12-16T15:54:48.492Z"},"timestamp":"2024-12-16T15:54:48.492Z"}
{"level":"info","message":{"ip":"::1","method":"GET","path":"/api/movies","timestamp":"2024-12-16T15:54:49.607Z"},"timestamp":"2024-12-16T15:54:49.607Z"}
{"level":"info","message":{"ip":"::1","method":"GET","path":"/api/movies","timestamp":"2024-12-16T15:54:49.717Z"},"timestamp":"2024-12-16T15:54:49.717Z"}
{"level":"info","message":{"ip":"::1","method":"GET","path":"/api/movies/1035048","timestamp":"2024-12-16T15:54:51.443Z"},"timestamp":"2024-12-16T15:54:51.443Z"}
{"level":"info","message":{"ip":"::1","method":"GET","path":"/api/movies/1035048","timestamp":"2024-12-16T15:54:51.716Z"},"timestamp":"2024-12-16T15:54:51.717Z"}
{"level":"info","message":{"ip":"::1","method":"GET","path":"/api/movies/1035048/stream","timestamp":"2024-12-16T15:55:00.955Z"},"timestamp":"2024-12-16T15:55:00.955Z"}
{"level":"info","message":{"ip":"::1","method":"GET","path":"/api/movies/1035048","timestamp":"2024-12-16T15:56:29.733Z"},"timestamp":"2024-12-16T15:56:29.733Z"}
{"level":"info","message":{"ip":"::1","method":"GET","path":"/api/movies/1035048","timestamp":"2024-12-16T15:56:29.864Z"},"timestamp":"2024-12-16T15:56:29.864Z"}
{"level":"info","message":{"ip":"::1","method":"GET","path":"/api/movies/1035048/stream","timestamp":"2024-12-16T15:56:31.161Z"},"timestamp":"2024-12-16T15:56:31.161Z"}
{"level":"info","message":{"ip":"::1","method":"GET","path":"/api/movies/1035048","timestamp":"2024-12-16T15:58:52.736Z"},"timestamp":"2024-12-16T15:58:52.737Z"}
{"level":"info","message":{"ip":"::1","method":"GET","path":"/api/movies/1035048","timestamp":"2024-12-16T15:58:52.880Z"},"timestamp":"2024-12-16T15:58:52.880Z"}
{"level":"info","message":{"ip":"::1","method":"GET","path":"/api/movies/1035048/stream","timestamp":"2024-12-16T15:58:59.855Z"},"timestamp":"2024-12-16T15:58:59.856Z"}
{"level":"info","message":{"ip":"::1","method":"GET","path":"/api/movies/1035048","timestamp":"2024-12-16T15:59:10.046Z"},"timestamp":"2024-12-16T15:59:10.046Z"}
{"level":"info","message":{"ip":"::1","method":"GET","path":"/api/movies/1035048","timestamp":"2024-12-16T15:59:10.181Z"},"timestamp":"2024-12-16T15:59:10.181Z"}
{"level":"info","message":{"ip":"::1","method":"GET","path":"/api/movies/1035048/stream","timestamp":"2024-12-16T15:59:11.334Z"},"timestamp":"2024-12-16T15:59:11.334Z"}
{"level":"info","message":{"ip":"::1","method":"GET","path":"/api/movies/1035048","timestamp":"2024-12-16T15:59:35.754Z"},"timestamp":"2024-12-16T15:59:35.754Z"}
{"level":"info","message":{"ip":"::1","method":"GET","path":"/api/movies/1035048","timestamp":"2024-12-16T15:59:35.911Z"},"timestamp":"2024-12-16T15:59:35.911Z"}
{"level":"info","message":{"ip":"::1","method":"GET","path":"/api/movies/1035048/stream","timestamp":"2024-12-16T15:59:40.663Z"},"timestamp":"2024-12-16T15:59:40.663Z"}
{"level":"info","message":{"ip":"::1","method":"GET","path":"/api/movies/1035048","timestamp":"2024-12-16T16:00:03.819Z"},"timestamp":"2024-12-16T16:00:03.819Z"}
{"level":"info","message":{"ip":"::1","method":"GET","path":"/api/movies/1035048","timestamp":"2024-12-16T16:00:04.029Z"},"timestamp":"2024-12-16T16:00:04.029Z"}
{"level":"info","message":{"ip":"::1","method":"GET","path":"/api/movies/1035048","timestamp":"2024-12-16T16:00:04.784Z"},"timestamp":"2024-12-16T16:00:04.784Z"}
{"level":"info","message":{"ip":"::1","method":"GET","path":"/api/movies/1035048","timestamp":"2024-12-16T16:00:04.825Z"},"timestamp":"2024-12-16T16:00:04.825Z"}
{"level":"info","message":{"ip":"::1","method":"GET","path":"/api/movies/1035048/stream","timestamp":"2024-12-16T16:00:05.914Z"},"timestamp":"2024-12-16T16:00:05.914Z"}
{"level":"info","message":{"ip":"::1","method":"GET","path":"/api/movies/1035048","timestamp":"2024-12-16T16:01:33.588Z"},"timestamp":"2024-12-16T16:01:33.588Z"}
{"level":"info","message":{"ip":"::1","method":"GET","path":"/api/movies/1035048","timestamp":"2024-12-16T16:01:33.721Z"},"timestamp":"2024-12-16T16:01:33.721Z"}
{"level":"info","message":{"ip":"::1","method":"GET","path":"/api/movies/1035048","timestamp":"2024-12-16T16:01:34.561Z"},"timestamp":"2024-12-16T16:01:34.561Z"}
{"level":"info","message":{"ip":"::1","method":"GET","path":"/api/movies/1035048","timestamp":"2024-12-16T16:01:34.590Z"},"timestamp":"2024-12-16T16:01:34.590Z"}
{"level":"info","message":{"ip":"::1","method":"GET","path":"/api/movies/1035048/stream","timestamp":"2024-12-16T16:01:35.495Z"},"timestamp":"2024-12-16T16:01:35.495Z"}
{"level":"info","message":{"ip":"::1","method":"GET","path":"/api/movies/1035048","timestamp":"2024-12-16T16:02:05.841Z"},"timestamp":"2024-12-16T16:02:05.842Z"}
{"level":"info","message":{"ip":"::1","method":"GET","path":"/api/movies/1035048","timestamp":"2024-12-16T16:02:05.990Z"},"timestamp":"2024-12-16T16:02:05.990Z"}
{"level":"info","message":{"ip":"::1","method":"GET","path":"/api/movies","timestamp":"2024-12-16T16:02:06.442Z"},"timestamp":"2024-12-16T16:02:06.442Z"}
{"level":"info","message":{"ip":"::1","method":"GET","path":"/api/movies","timestamp":"2024-12-16T16:02:06.563Z"},"timestamp":"2024-12-16T16:02:06.563Z"}
{"level":"info","message":{"ip":"::1","method":"GET","path":"/api/movies","timestamp":"2024-12-16T16:02:08.117Z"},"timestamp":"2024-12-16T16:02:08.117Z"}
{"level":"info","message":{"ip":"::1","method":"GET","path":"/api/movies","timestamp":"2024-12-16T16:02:08.231Z"},"timestamp":"2024-12-16T16:02:08.231Z"}
{"level":"info","message":{"ip":"::1","method":"GET","path":"/api/movies","timestamp":"2024-12-16T16:02:13.989Z"},"timestamp":"2024-12-16T16:02:13.989Z"}
{"level":"info","message":{"ip":"::1","method":"GET","path":"/api/movies","timestamp":"2024-12-16T16:02:14.163Z"},"timestamp":"2024-12-16T16:02:14.163Z"}
{"level":"info","message":{"ip":"::1","method":"POST","path":"/api/auth/login","timestamp":"2024-12-16T16:02:19.337Z"},"timestamp":"2024-12-16T16:02:19.337Z"}
{"level":"info","message":{"ip":"::1","method":"GET","path":"/api/movies/1035048","timestamp":"2024-12-16T16:02:21.820Z"},"timestamp":"2024-12-16T16:02:21.820Z"}
{"level":"info","message":{"ip":"::1","method":"GET","path":"/api/movies/1035048","timestamp":"2024-12-16T16:02:21.908Z"},"timestamp":"2024-12-16T16:02:21.908Z"}
{"level":"info","message":{"ip":"::1","method":"GET","path":"/api/movies/1035048/stream","timestamp":"2024-12-16T16:02:23.720Z"},"timestamp":"2024-12-16T16:02:23.720Z"}
{"level":"info","message":{"ip":"::1","method":"GET","path":"/api/movies/1035048","timestamp":"2024-12-16T16:03:29.828Z"},"timestamp":"2024-12-16T16:03:29.828Z"}
{"level":"info","message":{"ip":"::1","method":"GET","path":"/api/movies/1035048","timestamp":"2024-12-16T16:03:30.003Z"},"timestamp":"2024-12-16T16:03:30.003Z"}
{"level":"info","message":{"ip":"::1","method":"GET","path":"/api/movies/1035048","timestamp":"2024-12-16T16:04:47.646Z"},"timestamp":"2024-12-16T16:04:47.646Z"}
{"level":"info","message":{"ip":"::1","method":"GET","path":"/api/movies/1035048","timestamp":"2024-12-16T16:04:47.774Z"},"timestamp":"2024-12-16T16:04:47.774Z"}
{"level":"info","message":{"ip":"::1","method":"GET","path":"/api/movies/1035048/stream","timestamp":"2024-12-16T16:09:19.224Z"},"timestamp":"2024-12-16T16:09:19.224Z"}
{"level":"info","message":{"ip":"::1","method":"GET","path":"/api/movies/1035048","timestamp":"2024-12-16T16:09:25.365Z"},"timestamp":"2024-12-16T16:09:25.365Z"}
{"level":"info","message":{"ip":"::1","method":"GET","path":"/api/movies/1035048","timestamp":"2024-12-16T16:09:25.456Z"},"timestamp":"2024-12-16T16:09:25.456Z"}
{"level":"info","message":{"ip":"::1","method":"GET","path":"/api/movies","timestamp":"2024-12-16T16:09:25.895Z"},"timestamp":"2024-12-16T16:09:25.895Z"}
{"level":"info","message":{"ip":"::1","method":"GET","path":"/api/movies","timestamp":"2024-12-16T16:09:26.007Z"},"timestamp":"2024-12-16T16:09:26.007Z"}
{"level":"info","message":{"ip":"::1","method":"GET","path":"/api/movies","timestamp":"2024-12-16T16:09:27.078Z"},"timestamp":"2024-12-16T16:09:27.078Z"}
{"level":"info","message":{"ip":"::1","method":"GET","path":"/api/movies","timestamp":"2024-12-16T16:09:27.192Z"},"timestamp":"2024-12-16T16:09:27.192Z"}
{"level":"info","message":{"ip":"::1","method":"GET","path":"/api/movies/1147416","timestamp":"2024-12-16T16:10:15.896Z"},"timestamp":"2024-12-16T16:10:15.896Z"}
{"level":"info","message":{"ip":"::1","method":"GET","path":"/api/movies/1147416","timestamp":"2024-12-16T16:10:16.322Z"},"timestamp":"2024-12-16T16:10:16.322Z"}
{"level":"info","message":{"ip":"::1","method":"GET","path":"/api/movies/1147416/stream","timestamp":"2024-12-16T16:10:17.869Z"},"timestamp":"2024-12-16T16:10:17.869Z"}
{"level":"info","message":{"ip":"::1","method":"GET","path":"/api/movies/1147416","timestamp":"2024-12-16T16:10:21.738Z"},"timestamp":"2024-12-16T16:10:21.738Z"}
{"level":"info","message":{"ip":"::1","method":"GET","path":"/api/movies/1147416","timestamp":"2024-12-16T16:10:21.768Z"},"timestamp":"2024-12-16T16:10:21.768Z"}
{"level":"info","message":{"ip":"::1","method":"GET","path":"/api/movies","timestamp":"2024-12-16T16:10:22.219Z"},"timestamp":"2024-12-16T16:10:22.219Z"}
{"level":"info","message":{"ip":"::1","method":"GET","path":"/api/movies","timestamp":"2024-12-16T16:10:22.646Z"},"timestamp":"2024-12-16T16:10:22.646Z"}
{"level":"info","message":{"ip":"::1","method":"GET","path":"/api/movies","timestamp":"2024-12-16T16:19:22.211Z"},"timestamp":"2024-12-16T16:19:22.212Z"}
{"level":"info","message":{"ip":"::1","method":"GET","path":"/api/movies","timestamp":"2024-12-16T16:19:22.453Z"},"timestamp":"2024-12-16T16:19:22.453Z"}
{"level":"info","message":{"ip":"::1","method":"POST","path":"/api/auth/login","timestamp":"2024-12-16T16:19:28.849Z"},"timestamp":"2024-12-16T16:19:28.849Z"}
{"level":"info","message":{"ip":"::1","method":"GET","path":"/api/movies","timestamp":"2024-12-16T16:19:40.686Z"},"timestamp":"2024-12-16T16:19:40.686Z"}
{"level":"info","message":{"ip":"::1","method":"GET","path":"/api/movies","timestamp":"2024-12-16T16:19:40.900Z"},"timestamp":"2024-12-16T16:19:40.900Z"}
{"level":"info","message":{"ip":"::1","method":"GET","path":"/api/movies","timestamp":"2024-12-16T16:25:56.013Z"},"timestamp":"2024-12-16T16:25:56.013Z"}
{"level":"info","message":{"ip":"::1","method":"GET","path":"/api/movies","timestamp":"2024-12-16T16:25:56.231Z"},"timestamp":"2024-12-16T16:25:56.231Z"}
{"level":"info","message":{"ip":"::1","method":"GET","path":"/api/movies","timestamp":"2024-12-16T16:26:09.977Z"},"timestamp":"2024-12-16T16:26:09.977Z"}
{"level":"info","message":{"ip":"::1","method":"GET","path":"/api/movies","timestamp":"2024-12-16T16:26:10.459Z"},"timestamp":"2024-12-16T16:26:10.459Z"}
{"level":"info","message":{"ip":"::1","method":"POST","path":"/api/playlist/add","timestamp":"2024-12-16T16:26:12.818Z"},"timestamp":"2024-12-16T16:26:12.818Z"}
{"level":"info","message":{"ip":"::1","method":"GET","path":"/api/movies/1035048","timestamp":"2024-12-16T16:26:15.483Z"},"timestamp":"2024-12-16T16:26:15.483Z"}
{"level":"info","message":{"ip":"::1","method":"GET","path":"/api/movies/1035048","timestamp":"2024-12-16T16:26:15.513Z"},"timestamp":"2024-12-16T16:26:15.513Z"}
{"level":"info","message":{"ip":"::1","method":"GET","path":"/api/movies/1035048/stream","timestamp":"2024-12-16T16:26:16.963Z"},"timestamp":"2024-12-16T16:26:16.963Z"}
{"level":"info","message":{"ip":"::1","method":"GET","path":"/api/movies/1035048","timestamp":"2024-12-16T16:26:20.275Z"},"timestamp":"2024-12-16T16:26:20.275Z"}
{"level":"info","message":{"ip":"::1","method":"GET","path":"/api/movies/1035048","timestamp":"2024-12-16T16:26:20.299Z"},"timestamp":"2024-12-16T16:26:20.299Z"}
{"level":"info","message":{"ip":"::1","method":"GET","path":"/api/movies","timestamp":"2024-12-16T16:26:21.227Z"},"timestamp":"2024-12-16T16:26:21.227Z"}
{"level":"info","message":{"ip":"::1","method":"GET","path":"/api/movies","timestamp":"2024-12-16T16:26:21.333Z"},"timestamp":"2024-12-16T16:26:21.333Z"}
{"level":"info","message":{"ip":"::1","method":"GET","path":"/api/movies","timestamp":"2024-12-16T16:26:21.963Z"},"timestamp":"2024-12-16T16:26:21.963Z"}
{"level":"info","message":{"ip":"::1","method":"GET","path":"/api/movies","timestamp":"2024-12-16T16:26:22.069Z"},"timestamp":"2024-12-16T16:26:22.069Z"}
{"level":"info","message":{"ip":"::1","method":"GET","path":"/api/movies","timestamp":"2024-12-16T16:26:28.778Z"},"timestamp":"2024-12-16T16:26:28.778Z"}
{"level":"info","message":{"ip":"::1","method":"GET","path":"/api/movies","timestamp":"2024-12-16T16:26:28.944Z"},"timestamp":"2024-12-16T16:26:28.944Z"}
{"level":"info","message":{"ip":"::1","method":"GET","path":"/api/movies","timestamp":"2024-12-16T16:26:33.077Z"},"timestamp":"2024-12-16T16:26:33.077Z"}
{"level":"info","message":{"ip":"::1","method":"GET","path":"/api/movies","timestamp":"2024-12-16T16:26:33.192Z"},"timestamp":"2024-12-16T16:26:33.192Z"}
{"level":"info","message":{"ip":"::1","method":"GET","path":"/api/movies","timestamp":"2024-12-16T16:28:00.457Z"},"timestamp":"2024-12-16T16:28:00.457Z"}
{"level":"info","message":{"ip":"::1","method":"GET","path":"/api/movies","timestamp":"2024-12-16T16:28:00.663Z"},"timestamp":"2024-12-16T16:28:00.663Z"}
{"level":"info","message":{"ip":"::1","method":"GET","path":"/api/movies","timestamp":"2024-12-16T16:28:00.937Z"},"timestamp":"2024-12-16T16:28:00.937Z"}
{"level":"info","message":{"ip":"::1","method":"GET","path":"/api/movies","timestamp":"2024-12-16T16:28:01.043Z"},"timestamp":"2024-12-16T16:28:01.044Z"}
{"level":"info","message":{"ip":"::1","method":"GET","path":"/api/movies","timestamp":"2024-12-16T16:29:20.600Z"},"timestamp":"2024-12-16T16:29:20.600Z"}
{"level":"info","message":{"ip":"::1","method":"GET","path":"/api/movies","timestamp":"2024-12-16T16:29:20.809Z"},"timestamp":"2024-12-16T16:29:20.809Z"}
{"level":"info","message":{"ip":"::1","method":"GET","path":"/api/movies","timestamp":"2024-12-16T16:29:29.431Z"},"timestamp":"2024-12-16T16:29:29.431Z"}
{"level":"info","message":{"ip":"::1","method":"GET","path":"/api/movies","timestamp":"2024-12-16T16:29:29.599Z"},"timestamp":"2024-12-16T16:29:29.599Z"}
{"level":"info","message":{"ip":"::1","method":"GET","path":"/api/movies","timestamp":"2024-12-16T16:29:36.171Z"},"timestamp":"2024-12-16T16:29:36.171Z"}
{"level":"info","message":{"ip":"::1","method":"GET","path":"/api/movies","timestamp":"2024-12-16T16:29:36.332Z"},"timestamp":"2024-12-16T16:29:36.332Z"}
{"level":"info","message":{"ip":"::1","method":"GET","path":"/api/movies","timestamp":"2024-12-16T16:29:40.646Z"},"timestamp":"2024-12-16T16:29:40.646Z"}
{"level":"info","message":{"ip":"::1","method":"GET","path":"/api/movies","timestamp":"2024-12-16T16:29:40.750Z"},"timestamp":"2024-12-16T16:29:40.750Z"}
{"level":"info","message":{"ip":"::1","method":"POST","path":"/api/auth/login","timestamp":"2024-12-16T16:30:14.416Z"},"timestamp":"2024-12-16T16:30:14.416Z"}
{"level":"info","message":{"ip":"::1","method":"GET","path":"/api/movies","timestamp":"2024-12-16T16:30:19.212Z"},"timestamp":"2024-12-16T16:30:19.212Z"}
{"level":"info","message":{"ip":"::1","method":"GET","path":"/api/movies","timestamp":"2024-12-16T16:30:19.367Z"},"timestamp":"2024-12-16T16:30:19.367Z"}
{"level":"info","message":{"ip":"::1","method":"POST","path":"/api/auth/login","timestamp":"2024-12-16T16:30:20.461Z"},"timestamp":"2024-12-16T16:30:20.461Z"}
{"level":"info","message":{"ip":"::1","method":"GET","path":"/api/movies","timestamp":"2024-12-16T16:30:22.075Z"},"timestamp":"2024-12-16T16:30:22.075Z"}
{"level":"info","message":{"ip":"::1","method":"GET","path":"/api/movies","timestamp":"2024-12-16T16:30:22.183Z"},"timestamp":"2024-12-16T16:30:22.183Z"}
{"level":"info","message":{"ip":"::1","method":"GET","path":"/api/movies","timestamp":"2024-12-16T16:30:27.967Z"},"timestamp":"2024-12-16T16:30:27.967Z"}
{"level":"info","message":{"ip":"::1","method":"GET","path":"/api/movies","timestamp":"2024-12-16T16:30:28.174Z"},"timestamp":"2024-12-16T16:30:28.174Z"}
{"level":"info","message":{"ip":"::1","method":"POST","path":"/api/auth/login","timestamp":"2024-12-16T16:30:29.227Z"},"timestamp":"2024-12-16T16:30:29.227Z"}
{"level":"info","message":{"ip":"::1","method":"GET","path":"/api/movies","timestamp":"2024-12-16T16:31:24.885Z"},"timestamp":"2024-12-16T16:31:24.885Z"}
{"level":"info","message":{"ip":"::1","method":"GET","path":"/api/movies","timestamp":"2024-12-16T16:31:25.099Z"},"timestamp":"2024-12-16T16:31:25.099Z"}
{"level":"info","message":{"ip":"::1","method":"GET","path":"/api/movies","timestamp":"2024-12-16T16:31:26.201Z"},"timestamp":"2024-12-16T16:31:26.202Z"}
{"level":"info","message":{"ip":"::1","method":"GET","path":"/api/movies","timestamp":"2024-12-16T16:31:26.307Z"},"timestamp":"2024-12-16T16:31:26.307Z"}
{"level":"info","message":{"ip":"::1","method":"GET","path":"/api/movies","timestamp":"2024-12-16T16:31:30.686Z"},"timestamp":"2024-12-16T16:31:30.686Z"}
{"level":"info","message":{"ip":"::1","method":"GET","path":"/api/movies","timestamp":"2024-12-16T16:31:30.791Z"},"timestamp":"2024-12-16T16:31:30.791Z"}
{"level":"info","message":{"ip":"::1","method":"POST","path":"/api/auth/login","timestamp":"2024-12-16T16:31:31.360Z"},"timestamp":"2024-12-16T16:31:31.360Z"}
{"level":"info","message":{"ip":"::1","method":"GET","path":"/api/movies","timestamp":"2024-12-16T16:32:04.618Z"},"timestamp":"2024-12-16T16:32:04.618Z"}
{"level":"info","message":{"ip":"::1","method":"GET","path":"/api/movies","timestamp":"2024-12-16T16:32:04.785Z"},"timestamp":"2024-12-16T16:32:04.785Z"}
{"level":"info","message":{"ip":"::1","method":"GET","path":"/api/movies","timestamp":"2024-12-16T16:32:17.576Z"},"timestamp":"2024-12-16T16:32:17.577Z"}
{"level":"info","message":{"ip":"::1","method":"GET","path":"/api/movies","timestamp":"2024-12-16T16:32:17.747Z"},"timestamp":"2024-12-16T16:32:17.747Z"}
{"level":"info","message":{"ip":"::1","method":"GET","path":"/api/movies","timestamp":"2024-12-16T16:32:18.268Z"},"timestamp":"2024-12-16T16:32:18.268Z"}
{"level":"info","message":{"ip":"::1","method":"GET","path":"/api/movies","timestamp":"2024-12-16T16:32:18.372Z"},"timestamp":"2024-12-16T16:32:18.372Z"}
{"level":"info","message":{"ip":"::1","method":"GET","path":"/api/movies","timestamp":"2024-12-16T16:32:25.283Z"},"timestamp":"2024-12-16T16:32:25.283Z"}
{"level":"info","message":{"ip":"::1","method":"GET","path":"/api/movies","timestamp":"2024-12-16T16:32:25.506Z"},"timestamp":"2024-12-16T16:32:25.506Z"}
{"level":"info","message":{"ip":"::1","method":"GET","path":"/api/movies","timestamp":"2024-12-16T16:32:31.186Z"},"timestamp":"2024-12-16T16:32:31.186Z"}
{"level":"info","message":{"ip":"::1","method":"GET","path":"/api/movies","timestamp":"2024-12-16T16:32:31.343Z"},"timestamp":"2024-12-16T16:32:31.343Z"}
{"level":"info","message":{"ip":"::1","method":"GET","path":"/api/movies","timestamp":"2024-12-16T16:32:37.860Z"},"timestamp":"2024-12-16T16:32:37.860Z"}
{"level":"info","message":{"ip":"::1","method":"GET","path":"/api/movies","timestamp":"2024-12-16T16:32:38.029Z"},"timestamp":"2024-12-16T16:32:38.029Z"}
{"level":"info","message":{"ip":"::1","method":"GET","path":"/api/movies","timestamp":"2024-12-16T16:32:39.178Z"},"timestamp":"2024-12-16T16:32:39.178Z"}
{"level":"info","message":{"ip":"::1","method":"GET","path":"/api/movies","timestamp":"2024-12-16T16:32:39.292Z"},"timestamp":"2024-12-16T16:32:39.292Z"}
{"level":"info","message":{"ip":"::1","method":"GET","path":"/api/movies","timestamp":"2024-12-16T16:32:40.578Z"},"timestamp":"2024-12-16T16:32:40.578Z"}
{"level":"info","message":{"ip":"::1","method":"GET","path":"/api/movies","timestamp":"2024-12-16T16:32:40.689Z"},"timestamp":"2024-12-16T16:32:40.689Z"}
{"level":"info","message":{"ip":"::1","method":"POST","path":"/api/auth/login","timestamp":"2024-12-16T16:32:41.538Z"},"timestamp":"2024-12-16T16:32:41.538Z"}
{"level":"info","message":{"ip":"::1","method":"GET","path":"/api/movies","timestamp":"2024-12-16T16:32:44.154Z"},"timestamp":"2024-12-16T16:32:44.154Z"}
{"level":"info","message":{"ip":"::1","method":"GET","path":"/api/movies","timestamp":"2024-12-16T16:32:44.269Z"},"timestamp":"2024-12-16T16:32:44.269Z"}
{"level":"info","message":{"ip":"::1","method":"GET","path":"/api/movies","timestamp":"2024-12-16T16:32:44.700Z"},"timestamp":"2024-12-16T16:32:44.700Z"}
{"level":"info","message":{"ip":"::1","method":"GET","path":"/api/movies","timestamp":"2024-12-16T16:32:44.814Z"},"timestamp":"2024-12-16T16:32:44.814Z"}
{"level":"info","message":{"ip":"::1","method":"GET","path":"/api/movies","timestamp":"2024-12-16T16:32:46.273Z"},"timestamp":"2024-12-16T16:32:46.273Z"}
{"level":"info","message":{"ip":"::1","method":"GET","path":"/api/movies","timestamp":"2024-12-16T16:32:46.382Z"},"timestamp":"2024-12-16T16:32:46.382Z"}
{"level":"info","message":{"ip":"::1","method":"GET","path":"/api/movies","timestamp":"2024-12-16T16:32:48.710Z"},"timestamp":"2024-12-16T16:32:48.710Z"}
{"level":"info","message":{"ip":"::1","method":"GET","path":"/api/movies","timestamp":"2024-12-16T16:32:48.823Z"},"timestamp":"2024-12-16T16:32:48.823Z"}
{"level":"info","message":{"ip":"::1","method":"POST","path":"/api/auth/login","timestamp":"2024-12-16T16:32:56.344Z"},"timestamp":"2024-12-16T16:32:56.344Z"}
{"level":"info","message":{"ip":"::1","method":"GET","path":"/api/movies","timestamp":"2024-12-16T16:32:59.971Z"},"timestamp":"2024-12-16T16:32:59.971Z"}
{"level":"info","message":{"ip":"::1","method":"GET","path":"/api/movies","timestamp":"2024-12-16T16:33:00.132Z"},"timestamp":"2024-12-16T16:33:00.132Z"}
{"level":"info","message":{"ip":"::1","method":"GET","path":"/api/movies","timestamp":"2024-12-16T16:33:01.204Z"},"timestamp":"2024-12-16T16:33:01.204Z"}
{"level":"info","message":{"ip":"::1","method":"GET","path":"/api/movies","timestamp":"2024-12-16T16:33:01.307Z"},"timestamp":"2024-12-16T16:33:01.307Z"}
{"level":"info","message":{"ip":"::1","method":"GET","path":"/api/movies","timestamp":"2024-12-16T16:33:03.457Z"},"timestamp":"2024-12-16T16:33:03.457Z"}
{"level":"info","message":{"ip":"::1","method":"GET","path":"/api/movies","timestamp":"2024-12-16T16:33:03.560Z"},"timestamp":"2024-12-16T16:33:03.560Z"}
{"level":"info","message":{"ip":"::1","method":"GET","path":"/api/movies","timestamp":"2024-12-16T16:33:03.703Z"},"timestamp":"2024-12-16T16:33:03.703Z"}
{"level":"info","message":{"ip":"::1","method":"GET","path":"/api/movies","timestamp":"2024-12-16T16:33:03.808Z"},"timestamp":"2024-12-16T16:33:03.808Z"}
{"level":"info","message":{"ip":"::1","method":"GET","path":"/api/movies","timestamp":"2024-12-16T16:33:05.056Z"},"timestamp":"2024-12-16T16:33:05.056Z"}
{"level":"info","message":{"ip":"::1","method":"GET","path":"/api/movies","timestamp":"2024-12-16T16:33:05.164Z"},"timestamp":"2024-12-16T16:33:05.164Z"}
{"level":"info","message":{"ip":"::1","method":"GET","path":"/api/movies","timestamp":"2024-12-16T16:33:08.009Z"},"timestamp":"2024-12-16T16:33:08.009Z"}
{"level":"info","message":{"ip":"::1","method":"GET","path":"/api/movies","timestamp":"2024-12-16T16:33:08.118Z"},"timestamp":"2024-12-16T16:33:08.118Z"}
{"level":"info","message":{"ip":"::1","method":"POST","path":"/api/auth/login","timestamp":"2024-12-16T16:33:12.572Z"},"timestamp":"2024-12-16T16:33:12.572Z"}
{"level":"info","message":{"ip":"::1","method":"GET","path":"/api/movies","timestamp":"2024-12-16T16:34:21.180Z"},"timestamp":"2024-12-16T16:34:21.180Z"}
{"level":"info","message":{"ip":"::1","method":"GET","path":"/api/movies","timestamp":"2024-12-16T16:34:21.388Z"},"timestamp":"2024-12-16T16:34:21.388Z"}
{"level":"info","message":{"ip":"::1","method":"GET","path":"/api/movies","timestamp":"2024-12-16T16:34:21.733Z"},"timestamp":"2024-12-16T16:34:21.733Z"}
{"level":"info","message":{"ip":"::1","method":"GET","path":"/api/movies","timestamp":"2024-12-16T16:34:21.845Z"},"timestamp":"2024-12-16T16:34:21.845Z"}
{"level":"info","message":{"ip":"::1","method":"GET","path":"/api/movies","timestamp":"2024-12-16T16:34:23.886Z"},"timestamp":"2024-12-16T16:34:23.886Z"}
{"level":"info","message":{"ip":"::1","method":"GET","path":"/api/movies","timestamp":"2024-12-16T16:34:23.995Z"},"timestamp":"2024-12-16T16:34:23.995Z"}
{"level":"info","message":{"ip":"::1","method":"GET","path":"/api/movies","timestamp":"2024-12-16T16:34:36.944Z"},"timestamp":"2024-12-16T16:34:36.944Z"}
{"level":"info","message":{"ip":"::1","method":"GET","path":"/api/movies","timestamp":"2024-12-16T16:34:37.156Z"},"timestamp":"2024-12-16T16:34:37.156Z"}
{"level":"info","message":{"ip":"::1","method":"GET","path":"/api/movies","timestamp":"2024-12-16T16:35:38.262Z"},"timestamp":"2024-12-16T16:35:38.262Z"}
{"level":"info","message":{"ip":"::1","method":"GET","path":"/api/movies","timestamp":"2024-12-16T16:35:38.480Z"},"timestamp":"2024-12-16T16:35:38.480Z"}
{"level":"info","message":{"ip":"::1","method":"GET","path":"/api/movies","timestamp":"2024-12-16T16:35:38.643Z"},"timestamp":"2024-12-16T16:35:38.643Z"}
{"level":"info","message":{"ip":"::1","method":"GET","path":"/api/movies","timestamp":"2024-12-16T16:35:38.759Z"},"timestamp":"2024-12-16T16:35:38.759Z"}
{"level":"info","message":{"ip":"::1","method":"GET","path":"/api/movies","timestamp":"2024-12-16T16:35:41.914Z"},"timestamp":"2024-12-16T16:35:41.914Z"}
{"level":"info","message":{"ip":"::1","method":"GET","path":"/api/movies","timestamp":"2024-12-16T16:35:42.030Z"},"timestamp":"2024-12-16T16:35:42.030Z"}
{"level":"info","message":{"ip":"::1","method":"POST","path":"/api/auth/login","timestamp":"2024-12-16T16:35:46.740Z"},"timestamp":"2024-12-16T16:35:46.740Z"}
{"level":"info","message":{"ip":"::1","method":"GET","path":"/api/movies","timestamp":"2024-12-16T16:36:03.986Z"},"timestamp":"2024-12-16T16:36:03.986Z"}
{"level":"info","message":{"ip":"::1","method":"GET","path":"/api/movies","timestamp":"2024-12-16T16:36:04.397Z"},"timestamp":"2024-12-16T16:36:04.397Z"}
{"level":"info","message":{"ip":"::1","method":"GET","path":"/api/movies","timestamp":"2024-12-16T16:36:04.513Z"},"timestamp":"2024-12-16T16:36:04.513Z"}
{"level":"info","message":{"ip":"::1","method":"GET","path":"/api/movies","timestamp":"2024-12-16T16:36:04.629Z"},"timestamp":"2024-12-16T16:36:04.629Z"}
{"level":"info","message":{"ip":"::1","method":"POST","path":"/api/auth/login","timestamp":"2024-12-16T16:36:09.654Z"},"timestamp":"2024-12-16T16:36:09.654Z"}
{"level":"info","message":{"ip":"::1","method":"GET","path":"/api/movies","timestamp":"2024-12-16T16:39:56.989Z"},"timestamp":"2024-12-16T16:39:56.990Z"}
{"level":"info","message":{"ip":"::1","method":"GET","path":"/api/movies","timestamp":"2024-12-16T16:39:57.233Z"},"timestamp":"2024-12-16T16:39:57.233Z"}
{"level":"info","message":{"ip":"::1","method":"POST","path":"/api/auth/login","timestamp":"2024-12-16T16:40:11.256Z"},"timestamp":"2024-12-16T16:40:11.256Z"}
{"level":"info","message":{"ip":"::1","method":"GET","path":"/api/movies","timestamp":"2024-12-16T16:40:59.949Z"},"timestamp":"2024-12-16T16:40:59.949Z"}
{"level":"info","message":{"ip":"::1","method":"GET","path":"/api/movies","timestamp":"2024-12-16T16:41:00.158Z"},"timestamp":"2024-12-16T16:41:00.158Z"}
{"level":"info","message":{"ip":"::1","method":"POST","path":"/api/auth/login","timestamp":"2024-12-16T16:41:05.098Z"},"timestamp":"2024-12-16T16:41:05.098Z"}
{"level":"info","message":{"ip":"::1","method":"GET","path":"/api/movies","timestamp":"2024-12-16T16:41:51.719Z"},"timestamp":"2024-12-16T16:41:51.719Z"}
{"level":"info","message":{"ip":"::1","method":"GET","path":"/api/movies","timestamp":"2024-12-16T16:41:51.927Z"},"timestamp":"2024-12-16T16:41:51.927Z"}
{"level":"info","message":{"ip":"::1","method":"GET","path":"/api/movies","timestamp":"2024-12-16T16:41:52.352Z"},"timestamp":"2024-12-16T16:41:52.352Z"}
{"level":"info","message":{"ip":"::1","method":"GET","path":"/api/movies","timestamp":"2024-12-16T16:41:52.455Z"},"timestamp":"2024-12-16T16:41:52.455Z"}
{"level":"info","message":{"ip":"::1","method":"POST","path":"/api/auth/login","timestamp":"2024-12-16T16:41:56.264Z"},"timestamp":"2024-12-16T16:41:56.264Z"}
{"level":"info","message":{"ip":"::1","method":"GET","path":"/api/movies","timestamp":"2024-12-16T16:42:56.565Z"},"timestamp":"2024-12-16T16:42:56.565Z"}
{"level":"info","message":{"ip":"::1","method":"GET","path":"/api/movies","timestamp":"2024-12-16T16:42:56.782Z"},"timestamp":"2024-12-16T16:42:56.782Z"}
{"level":"info","message":{"ip":"::1","method":"POST","path":"/api/auth/login","timestamp":"2024-12-16T16:43:01.509Z"},"timestamp":"2024-12-16T16:43:01.509Z"}
{"level":"info","message":{"ip":"::1","method":"GET","path":"/api/movies","timestamp":"2024-12-16T16:43:07.731Z"},"timestamp":"2024-12-16T16:43:07.732Z"}
{"level":"info","message":{"ip":"::1","method":"GET","path":"/api/movies","timestamp":"2024-12-16T16:43:07.916Z"},"timestamp":"2024-12-16T16:43:07.916Z"}
{"level":"info","message":{"ip":"::1","method":"POST","path":"/api/auth/login","timestamp":"2024-12-16T16:43:13.061Z"},"timestamp":"2024-12-16T16:43:13.061Z"}
{"level":"info","message":{"ip":"::1","method":"GET","path":"/api/movies","timestamp":"2024-12-16T16:43:18.443Z"},"timestamp":"2024-12-16T16:43:18.443Z"}
{"level":"info","message":{"ip":"::1","method":"GET","path":"/api/movies","timestamp":"2024-12-16T16:43:18.654Z"},"timestamp":"2024-12-16T16:43:18.654Z"}
{"level":"info","message":{"ip":"::1","method":"GET","path":"/api/movies","timestamp":"2024-12-16T16:43:22.091Z"},"timestamp":"2024-12-16T16:43:22.091Z"}
{"level":"info","message":{"ip":"::1","method":"GET","path":"/api/movies","timestamp":"2024-12-16T16:43:22.206Z"},"timestamp":"2024-12-16T16:43:22.206Z"}
{"level":"info","message":{"ip":"::1","method":"GET","path":"/api/movies","timestamp":"2024-12-16T16:44:18.201Z"},"timestamp":"2024-12-16T16:44:18.201Z"}
{"level":"info","message":{"ip":"::1","method":"GET","path":"/api/movies","timestamp":"2024-12-16T16:44:18.423Z"},"timestamp":"2024-12-16T16:44:18.423Z"}
{"level":"info","message":{"ip":"::1","method":"GET","path":"/api/movies","timestamp":"2024-12-16T16:44:19.106Z"},"timestamp":"2024-12-16T16:44:19.106Z"}
{"level":"info","message":{"ip":"::1","method":"GET","path":"/api/movies","timestamp":"2024-12-16T16:44:19.220Z"},"timestamp":"2024-12-16T16:44:19.220Z"}
{"level":"info","message":{"ip":"::1","method":"GET","path":"/api/movies","timestamp":"2024-12-16T16:44:21.278Z"},"timestamp":"2024-12-16T16:44:21.278Z"}
{"level":"info","message":{"ip":"::1","method":"GET","path":"/api/movies","timestamp":"2024-12-16T16:44:21.391Z"},"timestamp":"2024-12-16T16:44:21.391Z"}
{"level":"info","message":{"ip":"::1","method":"POST","path":"/api/auth/login","timestamp":"2024-12-16T16:44:29.460Z"},"timestamp":"2024-12-16T16:44:29.460Z"}
{"level":"info","message":{"ip":"::1","method":"GET","path":"/api/movies","timestamp":"2024-12-16T16:44:35.400Z"},"timestamp":"2024-12-16T16:44:35.401Z"}
{"level":"info","message":{"ip":"::1","method":"GET","path":"/api/movies","timestamp":"2024-12-16T16:44:35.616Z"},"timestamp":"2024-12-16T16:44:35.616Z"}
{"level":"info","message":{"ip":"::1","method":"GET","path":"/api/movies","timestamp":"2024-12-16T16:45:01.053Z"},"timestamp":"2024-12-16T16:45:01.053Z"}
{"level":"info","message":{"ip":"::1","method":"GET","path":"/api/movies","timestamp":"2024-12-16T16:45:01.274Z"},"timestamp":"2024-12-16T16:45:01.274Z"}
{"level":"info","message":{"ip":"::1","method":"GET","path":"/api/movies","timestamp":"2024-12-16T16:45:08.771Z"},"timestamp":"2024-12-16T16:45:08.772Z"}
{"level":"info","message":{"ip":"::1","method":"GET","path":"/api/movies","timestamp":"2024-12-16T16:45:08.932Z"},"timestamp":"2024-12-16T16:45:08.932Z"}
{"level":"info","message":{"ip":"::1","method":"GET","path":"/api/movies","timestamp":"2024-12-16T16:45:12.257Z"},"timestamp":"2024-12-16T16:45:12.257Z"}
{"level":"info","message":{"ip":"::1","method":"GET","path":"/api/movies","timestamp":"2024-12-16T16:45:12.370Z"},"timestamp":"2024-12-16T16:45:12.371Z"}
{"level":"info","message":{"ip":"::1","method":"GET","path":"/api/movies","timestamp":"2024-12-16T16:45:23.250Z"},"timestamp":"2024-12-16T16:45:23.250Z"}
{"level":"info","message":{"ip":"::1","method":"GET","path":"/api/movies","timestamp":"2024-12-16T16:45:23.419Z"},"timestamp":"2024-12-16T16:45:23.419Z"}
{"level":"info","message":{"ip":"::1","method":"GET","path":"/api/movies","timestamp":"2024-12-16T16:45:26.487Z"},"timestamp":"2024-12-16T16:45:26.487Z"}
{"level":"info","message":{"ip":"::1","method":"GET","path":"/api/movies","timestamp":"2024-12-16T16:45:26.602Z"},"timestamp":"2024-12-16T16:45:26.602Z"}
{"level":"info","message":{"ip":"::1","method":"GET","path":"/api/movies","timestamp":"2024-12-16T16:45:37.509Z"},"timestamp":"2024-12-16T16:45:37.509Z"}
{"level":"info","message":{"ip":"::1","method":"GET","path":"/api/movies","timestamp":"2024-12-16T16:45:37.729Z"},"timestamp":"2024-12-16T16:45:37.729Z"}
{"level":"info","message":{"ip":"::1","method":"GET","path":"/api/movies","timestamp":"2024-12-16T16:45:52.690Z"},"timestamp":"2024-12-16T16:45:52.690Z"}
{"level":"info","message":{"ip":"::1","method":"GET","path":"/api/movies","timestamp":"2024-12-16T16:45:52.850Z"},"timestamp":"2024-12-16T16:45:52.850Z"}
{"level":"info","message":{"ip":"::1","method":"GET","path":"/api/movies","timestamp":"2024-12-16T16:45:57.557Z"},"timestamp":"2024-12-16T16:45:57.557Z"}
{"level":"info","message":{"ip":"::1","method":"GET","path":"/api/movies","timestamp":"2024-12-16T16:45:57.668Z"},"timestamp":"2024-12-16T16:45:57.668Z"}
{"level":"info","message":{"ip":"::1","method":"POST","path":"/api/auth/login","timestamp":"2024-12-16T16:46:02.288Z"},"timestamp":"2024-12-16T16:46:02.288Z"}
{"level":"info","message":{"ip":"::1","method":"GET","path":"/api/movies","timestamp":"2024-12-16T16:46:07.244Z"},"timestamp":"2024-12-16T16:46:07.244Z"}
{"level":"info","message":{"ip":"::1","method":"GET","path":"/api/movies","timestamp":"2024-12-16T16:46:07.410Z"},"timestamp":"2024-12-16T16:46:07.410Z"}
{"level":"info","message":{"ip":"::1","method":"GET","path":"/api/movies","timestamp":"2024-12-16T16:53:33.120Z"},"timestamp":"2024-12-16T16:53:33.120Z"}
{"level":"info","message":{"ip":"::1","method":"GET","path":"/api/movies","timestamp":"2024-12-16T16:53:33.333Z"},"timestamp":"2024-12-16T16:53:33.333Z"}
{"level":"info","message":{"ip":"::1","method":"GET","path":"/api/movies","timestamp":"2024-12-16T16:53:34.347Z"},"timestamp":"2024-12-16T16:53:34.347Z"}
{"level":"info","message":{"ip":"::1","method":"GET","path":"/api/movies","timestamp":"2024-12-16T16:53:34.460Z"},"timestamp":"2024-12-16T16:53:34.460Z"}
{"level":"info","message":{"ip":"::1","method":"GET","path":"/api/movies","timestamp":"2024-12-16T16:53:36.444Z"},"timestamp":"2024-12-16T16:53:36.444Z"}
{"level":"info","message":{"ip":"::1","method":"GET","path":"/api/movies","timestamp":"2024-12-16T16:53:36.557Z"},"timestamp":"2024-12-16T16:53:36.557Z"}
{"level":"info","message":{"ip":"::1","method":"GET","path":"/api/movies","timestamp":"2024-12-17T01:22:47.823Z"},"timestamp":"2024-12-17T01:22:47.823Z"}
{"level":"info","message":{"ip":"::1","method":"GET","path":"/api/movies","timestamp":"2024-12-17T01:22:57.835Z"},"timestamp":"2024-12-17T01:22:57.835Z"}
{"level":"info","message":{"ip":"::1","method":"GET","path":"/api/movies","timestamp":"2024-12-17T01:23:57.022Z"},"timestamp":"2024-12-17T01:23:57.023Z"}
{"level":"info","message":{"ip":"::1","method":"GET","path":"/api/movies","timestamp":"2024-12-17T01:23:57.487Z"},"timestamp":"2024-12-17T01:23:57.487Z"}
{"level":"info","message":{"ip":"::1","method":"POST","path":"/api/auth/login","timestamp":"2024-12-17T01:24:20.211Z"},"timestamp":"2024-12-17T01:24:20.211Z"}
{"level":"info","message":{"ip":"::1","method":"POST","path":"/api/playlist/add","timestamp":"2024-12-17T01:24:23.235Z"},"timestamp":"2024-12-17T01:24:23.235Z"}
{"level":"info","message":{"ip":"::1","method":"GET","path":"/api/movies","timestamp":"2024-12-17T01:24:54.821Z"},"timestamp":"2024-12-17T01:24:54.821Z"}
{"level":"info","message":{"ip":"::1","method":"GET","path":"/api/movies","timestamp":"2024-12-17T01:24:55.032Z"},"timestamp":"2024-12-17T01:24:55.032Z"}
{"level":"info","message":{"ip":"::1","method":"GET","path":"/api/movies","timestamp":"2024-12-17T01:26:43.228Z"},"timestamp":"2024-12-17T01:26:43.229Z"}
{"level":"info","message":{"ip":"::1","method":"GET","path":"/api/movies","timestamp":"2024-12-17T01:26:43.456Z"},"timestamp":"2024-12-17T01:26:43.456Z"}
{"level":"info","message":{"ip":"::1","method":"GET","path":"/api/movies","timestamp":"2024-12-17T01:26:49.071Z"},"timestamp":"2024-12-17T01:26:49.071Z"}
{"level":"info","message":{"ip":"::1","method":"GET","path":"/api/movies","timestamp":"2024-12-17T01:26:49.236Z"},"timestamp":"2024-12-17T01:26:49.236Z"}
{"level":"info","message":{"ip":"::1","method":"GET","path":"/api/movies","timestamp":"2024-12-17T01:27:50.766Z"},"timestamp":"2024-12-17T01:27:50.766Z"}
{"level":"info","message":{"ip":"::1","method":"GET","path":"/api/movies","timestamp":"2024-12-17T01:27:50.980Z"},"timestamp":"2024-12-17T01:27:50.980Z"}
{"level":"info","message":{"ip":"::1","method":"GET","path":"/api/movies","timestamp":"2024-12-17T01:28:02.587Z"},"timestamp":"2024-12-17T01:28:02.587Z"}
{"level":"info","message":{"ip":"::1","method":"GET","path":"/api/movies","timestamp":"2024-12-17T01:28:02.782Z"},"timestamp":"2024-12-17T01:28:02.782Z"}
{"level":"info","message":{"ip":"::1","method":"POST","path":"/api/auth/login","timestamp":"2024-12-17T01:30:45.223Z"},"timestamp":"2024-12-17T01:30:45.223Z"}
{"level":"info","message":{"ip":"::1","method":"GET","path":"/api/movies","timestamp":"2024-12-17T01:32:55.029Z"},"timestamp":"2024-12-17T01:32:55.029Z"}
{"level":"info","message":{"ip":"::1","method":"GET","path":"/api/movies","timestamp":"2024-12-17T01:32:55.240Z"},"timestamp":"2024-12-17T01:32:55.240Z"}
{"level":"info","message":{"ip":"::1","method":"GET","path":"/api/movies","timestamp":"2024-12-17T01:33:14.531Z"},"timestamp":"2024-12-17T01:33:14.531Z"}
{"level":"info","message":{"ip":"::1","method":"GET","path":"/api/movies","timestamp":"2024-12-17T01:33:14.692Z"},"timestamp":"2024-12-17T01:33:14.692Z"}
{"level":"info","message":{"ip":"::1","method":"GET","path":"/api/movies","timestamp":"2024-12-17T01:33:16.520Z"},"timestamp":"2024-12-17T01:33:16.520Z"}
{"level":"info","message":{"ip":"::1","method":"GET","path":"/api/movies","timestamp":"2024-12-17T01:33:16.627Z"},"timestamp":"2024-12-17T01:33:16.627Z"}
{"level":"info","message":{"ip":"::1","method":"GET","path":"/api/movies","timestamp":"2024-12-17T01:33:23.219Z"},"timestamp":"2024-12-17T01:33:23.219Z"}
{"level":"info","message":{"ip":"::1","method":"GET","path":"/api/movies","timestamp":"2024-12-17T01:33:23.382Z"},"timestamp":"2024-12-17T01:33:23.382Z"}
{"level":"info","message":{"ip":"::1","method":"GET","path":"/api/movies","timestamp":"2024-12-17T01:33:27.784Z"},"timestamp":"2024-12-17T01:33:27.784Z"}
{"level":"info","message":{"ip":"::1","method":"GET","path":"/api/movies","timestamp":"2024-12-17T01:33:27.898Z"},"timestamp":"2024-12-17T01:33:27.898Z"}
{"level":"info","message":{"ip":"::1","method":"GET","path":"/api/movies","timestamp":"2024-12-17T01:33:29.624Z"},"timestamp":"2024-12-17T01:33:29.624Z"}
{"level":"info","message":{"ip":"::1","method":"GET","path":"/api/movies","timestamp":"2024-12-17T01:33:29.734Z"},"timestamp":"2024-12-17T01:33:29.735Z"}
{"level":"info","message":{"ip":"::1","method":"GET","path":"/api/movies","timestamp":"2024-12-17T01:33:38.745Z"},"timestamp":"2024-12-17T01:33:38.745Z"}
{"level":"info","message":{"ip":"::1","method":"GET","path":"/api/movies","timestamp":"2024-12-17T01:33:38.953Z"},"timestamp":"2024-12-17T01:33:38.953Z"}
{"level":"info","message":{"ip":"::1","method":"GET","path":"/api/movies","timestamp":"2024-12-17T01:33:47.319Z"},"timestamp":"2024-12-17T01:33:47.319Z"}
{"level":"info","message":{"ip":"::1","method":"GET","path":"/api/movies","timestamp":"2024-12-17T01:33:47.477Z"},"timestamp":"2024-12-17T01:33:47.477Z"}
{"level":"info","message":{"ip":"::1","method":"GET","path":"/api/movies","timestamp":"2024-12-17T01:33:48.078Z"},"timestamp":"2024-12-17T01:33:48.078Z"}
{"level":"info","message":{"ip":"::1","method":"GET","path":"/api/movies","timestamp":"2024-12-17T01:33:48.187Z"},"timestamp":"2024-12-17T01:33:48.187Z"}
{"level":"info","message":{"ip":"::1","method":"GET","path":"/api/movies","timestamp":"2024-12-17T01:33:51.081Z"},"timestamp":"2024-12-17T01:33:51.081Z"}
{"level":"info","message":{"ip":"::1","method":"GET","path":"/api/movies","timestamp":"2024-12-17T01:33:51.191Z"},"timestamp":"2024-12-17T01:33:51.191Z"}
{"level":"info","message":{"ip":"::1","method":"GET","path":"/api/movies","timestamp":"2024-12-17T01:33:51.306Z"},"timestamp":"2024-12-17T01:33:51.306Z"}
{"level":"info","message":{"ip":"::1","method":"GET","path":"/api/movies","timestamp":"2024-12-17T01:33:51.425Z"},"timestamp":"2024-12-17T01:33:51.425Z"}
{"level":"info","message":{"ip":"::1","method":"GET","path":"/api/movies","timestamp":"2024-12-17T01:34:58.359Z"},"timestamp":"2024-12-17T01:34:58.359Z"}
{"level":"info","message":{"ip":"::1","method":"GET","path":"/api/movies","timestamp":"2024-12-17T01:34:58.569Z"},"timestamp":"2024-12-17T01:34:58.569Z"}
{"level":"info","message":{"ip":"::1","method":"GET","path":"/api/movies","timestamp":"2024-12-17T01:35:01.592Z"},"timestamp":"2024-12-17T01:35:01.592Z"}
{"level":"info","message":{"ip":"::1","method":"GET","path":"/api/movies","timestamp":"2024-12-17T01:35:01.699Z"},"timestamp":"2024-12-17T01:35:01.699Z"}
{"level":"info","message":{"ip":"::1","method":"GET","path":"/api/movies","timestamp":"2024-12-17T01:35:05.709Z"},"timestamp":"2024-12-17T01:35:05.709Z"}
{"level":"info","message":{"ip":"::1","method":"GET","path":"/api/movies","timestamp":"2024-12-17T01:35:05.818Z"},"timestamp":"2024-12-17T01:35:05.818Z"}
{"level":"info","message":{"ip":"::1","method":"GET","path":"/api/movies","timestamp":"2024-12-17T01:35:08.540Z"},"timestamp":"2024-12-17T01:35:08.540Z"}
{"level":"info","message":{"ip":"::1","method":"GET","path":"/api/movies","timestamp":"2024-12-17T01:35:08.648Z"},"timestamp":"2024-12-17T01:35:08.648Z"}
{"level":"info","message":{"ip":"::1","method":"GET","path":"/api/movies","timestamp":"2024-12-17T01:35:08.756Z"},"timestamp":"2024-12-17T01:35:08.756Z"}
{"level":"info","message":{"ip":"::1","method":"GET","path":"/api/movies","timestamp":"2024-12-17T01:35:08.864Z"},"timestamp":"2024-12-17T01:35:08.864Z"}
{"level":"info","message":{"ip":"::1","method":"GET","path":"/api/movies","timestamp":"2024-12-17T01:35:37.990Z"},"timestamp":"2024-12-17T01:35:37.990Z"}
{"level":"info","message":{"ip":"::1","method":"GET","path":"/api/movies","timestamp":"2024-12-17T01:35:38.145Z"},"timestamp":"2024-12-17T01:35:38.145Z"}
{"level":"info","message":{"ip":"::1","method":"GET","path":"/api/movies","timestamp":"2024-12-17T01:35:38.673Z"},"timestamp":"2024-12-17T01:35:38.673Z"}
{"level":"info","message":{"ip":"::1","method":"GET","path":"/api/movies","timestamp":"2024-12-17T01:35:38.780Z"},"timestamp":"2024-12-17T01:35:38.781Z"}
{"level":"info","message":{"ip":"::1","method":"GET","path":"/api/movies","timestamp":"2024-12-17T01:37:37.917Z"},"timestamp":"2024-12-17T01:37:37.917Z"}
{"level":"info","message":{"ip":"::1","method":"GET","path":"/api/movies","timestamp":"2024-12-17T01:37:38.232Z"},"timestamp":"2024-12-17T01:37:38.232Z"}
{"level":"info","message":{"ip":"::1","method":"GET","path":"/api/movies","timestamp":"2024-12-17T01:37:38.618Z"},"timestamp":"2024-12-17T01:37:38.618Z"}
{"level":"info","message":{"ip":"::1","method":"GET","path":"/api/movies","timestamp":"2024-12-17T01:37:38.727Z"},"timestamp":"2024-12-17T01:37:38.727Z"}
{"level":"info","message":{"ip":"::1","method":"GET","path":"/api/movies","timestamp":"2024-12-17T01:37:42.315Z"},"timestamp":"2024-12-17T01:37:42.315Z"}
{"level":"info","message":{"ip":"::1","method":"GET","path":"/api/movies","timestamp":"2024-12-17T01:37:42.424Z"},"timestamp":"2024-12-17T01:37:42.424Z"}
{"level":"info","message":{"ip":"::1","method":"POST","path":"/api/auth/login","timestamp":"2024-12-17T01:38:05.071Z"},"timestamp":"2024-12-17T01:38:05.071Z"}
{"level":"info","message":{"ip":"::1","method":"GET","path":"/api/movies","timestamp":"2024-12-17T01:38:20.452Z"},"timestamp":"2024-12-17T01:38:20.452Z"}
{"level":"info","message":{"ip":"::1","method":"GET","path":"/api/movies","timestamp":"2024-12-17T01:38:20.671Z"},"timestamp":"2024-12-17T01:38:20.671Z"}
{"level":"info","message":{"ip":"::1","method":"GET","path":"/api/movies","timestamp":"2024-12-17T01:38:21.273Z"},"timestamp":"2024-12-17T01:38:21.273Z"}
{"level":"info","message":{"ip":"::1","method":"GET","path":"/api/movies","timestamp":"2024-12-17T01:38:21.387Z"},"timestamp":"2024-12-17T01:38:21.387Z"}
{"level":"info","message":{"ip":"::1","method":"GET","path":"/api/movies","timestamp":"2024-12-17T01:38:21.547Z"},"timestamp":"2024-12-17T01:38:21.547Z"}
{"level":"info","message":{"ip":"::1","method":"GET","path":"/api/movies","timestamp":"2024-12-17T01:38:21.662Z"},"timestamp":"2024-12-17T01:38:21.663Z"}
{"level":"info","message":{"ip":"::1","method":"GET","path":"/api/movies","timestamp":"2024-12-17T01:38:21.773Z"},"timestamp":"2024-12-17T01:38:21.773Z"}
{"level":"info","message":{"ip":"::1","method":"GET","path":"/api/movies","timestamp":"2024-12-17T01:38:21.888Z"},"timestamp":"2024-12-17T01:38:21.888Z"}
{"level":"info","message":{"ip":"::1","method":"POST","path":"/api/auth/login","timestamp":"2024-12-17T01:38:29.641Z"},"timestamp":"2024-12-17T01:38:29.641Z"}
{"level":"info","message":{"ip":"::1","method":"GET","path":"/api/movies","timestamp":"2024-12-17T01:38:47.650Z"},"timestamp":"2024-12-17T01:38:47.650Z"}
{"level":"info","message":{"ip":"::1","method":"GET","path":"/api/movies","timestamp":"2024-12-17T01:38:47.876Z"},"timestamp":"2024-12-17T01:38:47.876Z"}
{"level":"info","message":{"ip":"::1","method":"GET","path":"/api/movies","timestamp":"2024-12-17T01:38:48.661Z"},"timestamp":"2024-12-17T01:38:48.661Z"}
{"level":"info","message":{"ip":"::1","method":"GET","path":"/api/movies","timestamp":"2024-12-17T01:38:48.773Z"},"timestamp":"2024-12-17T01:38:48.773Z"}
{"level":"info","message":{"ip":"::1","method":"GET","path":"/api/movies","timestamp":"2024-12-17T01:39:16.044Z"},"timestamp":"2024-12-17T01:39:16.044Z"}
{"level":"info","message":{"ip":"::1","method":"GET","path":"/api/movies","timestamp":"2024-12-17T01:39:16.219Z"},"timestamp":"2024-12-17T01:39:16.219Z"}
{"level":"info","message":{"ip":"::1","method":"GET","path":"/api/movies","timestamp":"2024-12-17T01:39:25.041Z"},"timestamp":"2024-12-17T01:39:25.041Z"}
{"level":"info","message":{"ip":"::1","method":"GET","path":"/api/movies","timestamp":"2024-12-17T01:39:25.209Z"},"timestamp":"2024-12-17T01:39:25.209Z"}
{"level":"info","message":{"ip":"::1","method":"GET","path":"/api/movies","timestamp":"2024-12-17T01:39:26.650Z"},"timestamp":"2024-12-17T01:39:26.650Z"}
{"level":"info","message":{"ip":"::1","method":"GET","path":"/api/movies","timestamp":"2024-12-17T01:39:26.760Z"},"timestamp":"2024-12-17T01:39:26.760Z"}
{"level":"info","message":{"ip":"::1","method":"GET","path":"/api/movies","timestamp":"2024-12-17T01:39:27.265Z"},"timestamp":"2024-12-17T01:39:27.265Z"}
{"level":"info","message":{"ip":"::1","method":"GET","path":"/api/movies","timestamp":"2024-12-17T01:39:27.373Z"},"timestamp":"2024-12-17T01:39:27.373Z"}
{"level":"info","message":{"ip":"::1","method":"POST","path":"/api/auth/login","timestamp":"2024-12-17T01:39:30.020Z"},"timestamp":"2024-12-17T01:39:30.020Z"}
{"level":"info","message":{"ip":"::1","method":"GET","path":"/api/movies","timestamp":"2024-12-17T01:39:38.873Z"},"timestamp":"2024-12-17T01:39:38.873Z"}
{"level":"info","message":{"ip":"::1","method":"GET","path":"/api/movies","timestamp":"2024-12-17T01:39:39.035Z"},"timestamp":"2024-12-17T01:39:39.035Z"}
{"level":"info","message":{"ip":"::1","method":"GET","path":"/api/movies","timestamp":"2024-12-17T01:39:44.740Z"},"timestamp":"2024-12-17T01:39:44.740Z"}
{"level":"info","message":{"ip":"::1","method":"GET","path":"/api/movies","timestamp":"2024-12-17T01:39:44.909Z"},"timestamp":"2024-12-17T01:39:44.909Z"}
{"level":"info","message":{"ip":"::1","method":"GET","path":"/api/movies","timestamp":"2024-12-17T01:39:47.380Z"},"timestamp":"2024-12-17T01:39:47.380Z"}
{"level":"info","message":{"ip":"::1","method":"GET","path":"/api/movies","timestamp":"2024-12-17T01:39:47.490Z"},"timestamp":"2024-12-17T01:39:47.490Z"}
{"level":"info","message":{"ip":"::1","method":"GET","path":"/api/movies","timestamp":"2024-12-17T01:39:59.475Z"},"timestamp":"2024-12-17T01:39:59.475Z"}
{"level":"info","message":{"ip":"::1","method":"GET","path":"/api/movies","timestamp":"2024-12-17T01:39:59.686Z"},"timestamp":"2024-12-17T01:39:59.686Z"}
{"level":"info","message":{"ip":"::1","method":"GET","path":"/api/movies","timestamp":"2024-12-17T01:39:59.798Z"},"timestamp":"2024-12-17T01:39:59.798Z"}
{"level":"info","message":{"ip":"::1","method":"GET","path":"/api/movies","timestamp":"2024-12-17T01:39:59.909Z"},"timestamp":"2024-12-17T01:39:59.909Z"}
{"level":"info","message":{"ip":"::1","method":"GET","path":"/api/movies","timestamp":"2024-12-17T01:40:01.761Z"},"timestamp":"2024-12-17T01:40:01.761Z"}
{"level":"info","message":{"ip":"::1","method":"GET","path":"/api/movies","timestamp":"2024-12-17T01:40:01.870Z"},"timestamp":"2024-12-17T01:40:01.870Z"}
{"level":"info","message":{"ip":"::1","method":"GET","path":"/api/movies","timestamp":"2024-12-17T01:40:09.337Z"},"timestamp":"2024-12-17T01:40:09.337Z"}
{"level":"info","message":{"ip":"::1","method":"GET","path":"/api/movies","timestamp":"2024-12-17T01:40:09.523Z"},"timestamp":"2024-12-17T01:40:09.523Z"}
{"level":"info","message":{"ip":"::1","method":"GET","path":"/api/movies","timestamp":"2024-12-17T01:40:13.946Z"},"timestamp":"2024-12-17T01:40:13.946Z"}
{"level":"info","message":{"ip":"::1","method":"GET","path":"/api/movies","timestamp":"2024-12-17T01:40:14.057Z"},"timestamp":"2024-12-17T01:40:14.057Z"}
{"level":"info","message":{"ip":"::1","method":"GET","path":"/api/movies","timestamp":"2024-12-17T01:40:34.878Z"},"timestamp":"2024-12-17T01:40:34.878Z"}
{"level":"info","message":{"ip":"::1","method":"GET","path":"/api/movies","timestamp":"2024-12-17T01:40:35.032Z"},"timestamp":"2024-12-17T01:40:35.032Z"}
{"level":"info","message":{"ip":"::1","method":"GET","path":"/api/movies","timestamp":"2024-12-17T01:40:37.222Z"},"timestamp":"2024-12-17T01:40:37.222Z"}
{"level":"info","message":{"ip":"::1","method":"GET","path":"/api/movies","timestamp":"2024-12-17T01:40:37.333Z"},"timestamp":"2024-12-17T01:40:37.333Z"}
{"level":"info","message":{"ip":"::1","method":"GET","path":"/api/movies","timestamp":"2024-12-17T01:40:54.765Z"},"timestamp":"2024-12-17T01:40:54.765Z"}
{"level":"info","message":{"ip":"::1","method":"GET","path":"/api/movies","timestamp":"2024-12-17T01:40:55.055Z"},"timestamp":"2024-12-17T01:40:55.055Z"}
{"level":"info","message":{"ip":"::1","method":"GET","path":"/api/movies","timestamp":"2024-12-17T01:40:58.651Z"},"timestamp":"2024-12-17T01:40:58.651Z"}
{"level":"info","message":{"ip":"::1","method":"GET","path":"/api/movies","timestamp":"2024-12-17T01:40:58.763Z"},"timestamp":"2024-12-17T01:40:58.763Z"}
{"level":"info","message":{"ip":"::1","method":"GET","path":"/api/movies","timestamp":"2024-12-17T01:42:02.051Z"},"timestamp":"2024-12-17T01:42:02.051Z"}
{"level":"info","message":{"ip":"::1","method":"GET","path":"/api/movies","timestamp":"2024-12-17T01:42:02.257Z"},"timestamp":"2024-12-17T01:42:02.257Z"}
{"level":"info","message":{"ip":"::1","method":"GET","path":"/api/movies","timestamp":"2024-12-17T01:42:10.425Z"},"timestamp":"2024-12-17T01:42:10.425Z"}
{"level":"info","message":{"ip":"::1","method":"GET","path":"/api/movies","timestamp":"2024-12-17T01:42:10.586Z"},"timestamp":"2024-12-17T01:42:10.586Z"}
{"level":"info","message":{"ip":"::1","method":"GET","path":"/api/movies","timestamp":"2024-12-17T01:45:31.752Z"},"timestamp":"2024-12-17T01:45:31.753Z"}
{"level":"info","message":{"ip":"::1","method":"GET","path":"/api/movies","timestamp":"2024-12-17T01:45:31.964Z"},"timestamp":"2024-12-17T01:45:31.964Z"}
{"level":"info","message":{"ip":"::1","method":"GET","path":"/api/movies","timestamp":"2024-12-17T01:46:11.426Z"},"timestamp":"2024-12-17T01:46:11.426Z"}
{"level":"info","message":{"ip":"::1","method":"GET","path":"/api/movies","timestamp":"2024-12-17T01:46:11.592Z"},"timestamp":"2024-12-17T01:46:11.592Z"}
{"level":"info","message":{"ip":"::1","method":"GET","path":"/api/movies","timestamp":"2024-12-17T01:46:54.563Z"},"timestamp":"2024-12-17T01:46:54.563Z"}
{"level":"info","message":{"ip":"::1","method":"GET","path":"/api/movies","timestamp":"2024-12-17T01:46:54.769Z"},"timestamp":"2024-12-17T01:46:54.769Z"}
{"level":"info","message":{"ip":"::1","method":"GET","path":"/api/movies","timestamp":"2024-12-17T01:46:58.458Z"},"timestamp":"2024-12-17T01:46:58.459Z"}
{"level":"info","message":{"ip":"::1","method":"GET","path":"/api/movies","timestamp":"2024-12-17T01:46:58.564Z"},"timestamp":"2024-12-17T01:46:58.564Z"}
{"level":"info","message":{"ip":"::1","method":"GET","path":"/api/movies","timestamp":"2024-12-17T01:47:45.765Z"},"timestamp":"2024-12-17T01:47:45.765Z"}
{"level":"info","message":{"ip":"::1","method":"GET","path":"/api/movies","timestamp":"2024-12-17T01:47:46.247Z"},"timestamp":"2024-12-17T01:47:46.248Z"}
{"level":"info","message":{"ip":"::1","method":"GET","path":"/api/movies","timestamp":"2024-12-17T01:47:51.597Z"},"timestamp":"2024-12-17T01:47:51.597Z"}
{"level":"info","message":{"ip":"::1","method":"GET","path":"/api/movies","timestamp":"2024-12-17T01:47:51.821Z"},"timestamp":"2024-12-17T01:47:51.821Z"}
{"level":"info","message":{"ip":"::1","method":"POST","path":"/api/auth/login","timestamp":"2024-12-17T01:47:57.943Z"},"timestamp":"2024-12-17T01:47:57.943Z"}
{"level":"info","message":{"ip":"::1","method":"GET","path":"/api/movies","timestamp":"2024-12-17T01:48:12.322Z"},"timestamp":"2024-12-17T01:48:12.322Z"}
{"level":"info","message":{"ip":"::1","method":"GET","path":"/api/movies","timestamp":"2024-12-17T01:48:12.583Z"},"timestamp":"2024-12-17T01:48:12.583Z"}
{"level":"info","message":{"ip":"::1","method":"GET","path":"/api/movies","timestamp":"2024-12-17T01:48:15.960Z"},"timestamp":"2024-12-17T01:48:15.960Z"}
{"level":"info","message":{"ip":"::1","method":"GET","path":"/api/movies","timestamp":"2024-12-17T01:48:16.109Z"},"timestamp":"2024-12-17T01:48:16.109Z"}
{"level":"info","message":{"ip":"::1","method":"GET","path":"/api/movies","timestamp":"2024-12-17T01:48:36.602Z"},"timestamp":"2024-12-17T01:48:36.602Z"}
{"level":"info","message":{"ip":"::1","method":"GET","path":"/api/movies","timestamp":"2024-12-17T01:48:36.839Z"},"timestamp":"2024-12-17T01:48:36.839Z"}
{"level":"info","message":{"ip":"::1","method":"GET","path":"/api/movies","timestamp":"2024-12-17T01:48:44.889Z"},"timestamp":"2024-12-17T01:48:44.889Z"}
{"level":"info","message":{"ip":"::1","method":"GET","path":"/api/movies","timestamp":"2024-12-17T01:48:45.146Z"},"timestamp":"2024-12-17T01:48:45.146Z"}
{"level":"info","message":{"ip":"::1","method":"POST","path":"/api/auth/login","timestamp":"2024-12-17T01:48:48.085Z"},"timestamp":"2024-12-17T01:48:48.085Z"}
{"level":"info","message":{"ip":"::1","method":"GET","path":"/api/movies","timestamp":"2024-12-17T01:48:50.558Z"},"timestamp":"2024-12-17T01:48:50.558Z"}
{"level":"info","message":{"ip":"::1","method":"GET","path":"/api/movies","timestamp":"2024-12-17T01:48:50.767Z"},"timestamp":"2024-12-17T01:48:50.767Z"}
{"level":"info","message":{"ip":"::1","method":"GET","path":"/api/movies","timestamp":"2024-12-17T01:49:00.847Z"},"timestamp":"2024-12-17T01:49:00.847Z"}
{"level":"info","message":{"ip":"::1","method":"GET","path":"/api/movies","timestamp":"2024-12-17T01:49:01.006Z"},"timestamp":"2024-12-17T01:49:01.006Z"}
{"level":"info","message":{"ip":"::1","method":"GET","path":"/api/movies","timestamp":"2024-12-17T01:49:01.114Z"},"timestamp":"2024-12-17T01:49:01.114Z"}
{"level":"info","message":{"ip":"::1","method":"GET","path":"/api/movies","timestamp":"2024-12-17T01:49:01.222Z"},"timestamp":"2024-12-17T01:49:01.222Z"}
{"level":"info","message":{"ip":"::1","method":"GET","path":"/api/movies","timestamp":"2024-12-17T01:49:08.264Z"},"timestamp":"2024-12-17T01:49:08.264Z"}
{"level":"info","message":{"ip":"::1","method":"GET","path":"/api/movies","timestamp":"2024-12-17T01:49:08.428Z"},"timestamp":"2024-12-17T01:49:08.428Z"}
{"level":"info","message":{"ip":"::1","method":"POST","path":"/api/auth/login","timestamp":"2024-12-17T01:49:14.278Z"},"timestamp":"2024-12-17T01:49:14.278Z"}
{"level":"info","message":{"ip":"::1","method":"GET","path":"/api/movies","timestamp":"2024-12-17T01:49:17.323Z"},"timestamp":"2024-12-17T01:49:17.323Z"}
{"level":"info","message":{"ip":"::1","method":"GET","path":"/api/movies","timestamp":"2024-12-17T01:49:17.489Z"},"timestamp":"2024-12-17T01:49:17.489Z"}
{"level":"info","message":{"ip":"::1","method":"GET","path":"/api/movies","timestamp":"2024-12-17T01:49:20.530Z"},"timestamp":"2024-12-17T01:49:20.530Z"}
{"level":"info","message":{"ip":"::1","method":"GET","path":"/api/movies","timestamp":"2024-12-17T01:49:20.642Z"},"timestamp":"2024-12-17T01:49:20.642Z"}
{"level":"info","message":{"ip":"::1","method":"GET","path":"/api/movies","timestamp":"2024-12-17T01:49:34.630Z"},"timestamp":"2024-12-17T01:49:34.630Z"}
{"level":"info","message":{"ip":"::1","method":"GET","path":"/api/movies","timestamp":"2024-12-17T01:49:34.790Z"},"timestamp":"2024-12-17T01:49:34.790Z"}
{"level":"info","message":{"ip":"::1","method":"GET","path":"/api/movies","timestamp":"2024-12-17T01:49:35.643Z"},"timestamp":"2024-12-17T01:49:35.643Z"}
{"level":"info","message":{"ip":"::1","method":"GET","path":"/api/movies","timestamp":"2024-12-17T01:49:35.750Z"},"timestamp":"2024-12-17T01:49:35.750Z"}
{"level":"info","message":{"ip":"::1","method":"GET","path":"/api/movies","timestamp":"2024-12-17T01:50:00.491Z"},"timestamp":"2024-12-17T01:50:00.491Z"}
{"level":"info","message":{"ip":"::1","method":"GET","path":"/api/movies","timestamp":"2024-12-17T01:50:00.708Z"},"timestamp":"2024-12-17T01:50:00.708Z"}
{"level":"info","message":{"ip":"::1","method":"GET","path":"/api/movies","timestamp":"2024-12-17T01:50:04.083Z"},"timestamp":"2024-12-17T01:50:04.083Z"}
{"level":"info","message":{"ip":"::1","method":"GET","path":"/api/movies","timestamp":"2024-12-17T01:50:04.196Z"},"timestamp":"2024-12-17T01:50:04.196Z"}
{"level":"info","message":{"ip":"::1","method":"GET","path":"/api/movies","timestamp":"2024-12-17T01:50:06.211Z"},"timestamp":"2024-12-17T01:50:06.211Z"}
{"level":"info","message":{"ip":"::1","method":"GET","path":"/api/movies","timestamp":"2024-12-17T01:50:06.323Z"},"timestamp":"2024-12-17T01:50:06.323Z"}
{"level":"info","message":{"ip":"::1","method":"GET","path":"/api/movies","timestamp":"2024-12-17T01:50:08.789Z"},"timestamp":"2024-12-17T01:50:08.789Z"}
{"level":"info","message":{"ip":"::1","method":"GET","path":"/api/movies","timestamp":"2024-12-17T01:50:08.900Z"},"timestamp":"2024-12-17T01:50:08.900Z"}
{"level":"info","message":{"ip":"::1","method":"GET","path":"/api/movies","timestamp":"2024-12-17T01:50:45.273Z"},"timestamp":"2024-12-17T01:50:45.273Z"}
{"level":"info","message":{"ip":"::1","method":"GET","path":"/api/movies","timestamp":"2024-12-17T01:50:45.432Z"},"timestamp":"2024-12-17T01:50:45.432Z"}
{"level":"info","message":{"ip":"::1","method":"POST","path":"/api/auth/login","timestamp":"2024-12-17T01:50:59.240Z"},"timestamp":"2024-12-17T01:50:59.240Z"}
{"level":"info","message":{"ip":"::1","method":"GET","path":"/api/movies","timestamp":"2024-12-17T01:51:03.110Z"},"timestamp":"2024-12-17T01:51:03.110Z"}
{"level":"info","message":{"ip":"::1","method":"GET","path":"/api/movies","timestamp":"2024-12-17T01:51:03.362Z"},"timestamp":"2024-12-17T01:51:03.362Z"}
{"level":"info","message":{"ip":"::1","method":"GET","path":"/api/movies","timestamp":"2024-12-17T01:51:33.701Z"},"timestamp":"2024-12-17T01:51:33.701Z"}
{"level":"info","message":{"ip":"::1","method":"GET","path":"/api/movies","timestamp":"2024-12-17T01:51:33.874Z"},"timestamp":"2024-12-17T01:51:33.874Z"}
{"level":"info","message":{"ip":"::1","method":"GET","path":"/api/movies","timestamp":"2024-12-17T01:51:34.493Z"},"timestamp":"2024-12-17T01:51:34.493Z"}
{"level":"info","message":{"ip":"::1","method":"GET","path":"/api/movies","timestamp":"2024-12-17T01:51:34.602Z"},"timestamp":"2024-12-17T01:51:34.602Z"}
{"level":"info","message":{"ip":"::1","method":"GET","path":"/api/movies","timestamp":"2024-12-17T01:51:35.443Z"},"timestamp":"2024-12-17T01:51:35.443Z"}
{"level":"info","message":{"ip":"::1","method":"GET","path":"/api/movies","timestamp":"2024-12-17T01:51:35.550Z"},"timestamp":"2024-12-17T01:51:35.550Z"}
{"level":"info","message":{"ip":"::1","method":"GET","path":"/api/movies/1035048","timestamp":"2024-12-17T01:51:55.215Z"},"timestamp":"2024-12-17T01:51:55.215Z"}
{"level":"info","message":{"ip":"::1","method":"GET","path":"/api/movies/1035048","timestamp":"2024-12-17T01:51:55.544Z"},"timestamp":"2024-12-17T01:51:55.544Z"}
{"level":"info","message":{"ip":"::1","method":"GET","path":"/api/movies/1035048/stream","timestamp":"2024-12-17T01:51:57.000Z"},"timestamp":"2024-12-17T01:51:57.000Z"}
{"level":"info","message":{"ip":"::1","method":"GET","path":"/api/movies/1035048","timestamp":"2024-12-17T01:54:02.947Z"},"timestamp":"2024-12-17T01:54:02.947Z"}
{"level":"info","message":{"ip":"::1","method":"GET","path":"/api/movies/1035048","timestamp":"2024-12-17T01:54:03.076Z"},"timestamp":"2024-12-17T01:54:03.076Z"}
{"level":"info","message":{"ip":"::1","method":"GET","path":"/api/movies","timestamp":"2024-12-17T01:54:03.924Z"},"timestamp":"2024-12-17T01:54:03.924Z"}
{"level":"info","message":{"ip":"::1","method":"GET","path":"/api/movies","timestamp":"2024-12-17T01:54:04.031Z"},"timestamp":"2024-12-17T01:54:04.031Z"}
{"level":"info","message":{"ip":"::1","method":"GET","path":"/api/movies","timestamp":"2024-12-17T01:54:05.190Z"},"timestamp":"2024-12-17T01:54:05.190Z"}
{"level":"info","message":{"ip":"::1","method":"GET","path":"/api/movies","timestamp":"2024-12-17T01:54:05.300Z"},"timestamp":"2024-12-17T01:54:05.300Z"}
{"level":"info","message":{"ip":"::1","method":"GET","path":"/api/movies/845781","timestamp":"2024-12-17T01:54:07.184Z"},"timestamp":"2024-12-17T01:54:07.184Z"}
{"level":"info","message":{"ip":"::1","method":"GET","path":"/api/movies/845781","timestamp":"2024-12-17T01:54:07.459Z"},"timestamp":"2024-12-17T01:54:07.459Z"}
{"level":"info","message":{"ip":"::1","method":"GET","path":"/api/movies","timestamp":"2024-12-17T01:54:15.835Z"},"timestamp":"2024-12-17T01:54:15.835Z"}
{"level":"info","message":{"ip":"::1","method":"GET","path":"/api/movies","timestamp":"2024-12-17T01:54:15.993Z"},"timestamp":"2024-12-17T01:54:15.993Z"}
{"level":"info","message":{"ip":"::1","method":"GET","path":"/api/movies/1035048","timestamp":"2024-12-17T01:54:17.802Z"},"timestamp":"2024-12-17T01:54:17.802Z"}
{"level":"info","message":{"ip":"::1","method":"GET","path":"/api/movies/1035048","timestamp":"2024-12-17T01:54:17.828Z"},"timestamp":"2024-12-17T01:54:17.828Z"}
{"level":"info","message":{"ip":"::1","method":"GET","path":"/api/movies/1035048","timestamp":"2024-12-17T01:56:56.523Z"},"timestamp":"2024-12-17T01:56:56.523Z"}
{"level":"info","message":{"ip":"::1","method":"GET","path":"/api/movies","timestamp":"2024-12-17T01:57:00.028Z"},"timestamp":"2024-12-17T01:57:00.028Z"}
{"level":"info","message":{"ip":"::1","method":"GET","path":"/api/movies","timestamp":"2024-12-17T01:57:00.136Z"},"timestamp":"2024-12-17T01:57:00.136Z"}
{"level":"info","message":{"ip":"::1","method":"GET","path":"/api/movies/1241982","timestamp":"2024-12-17T01:57:02.326Z"},"timestamp":"2024-12-17T01:57:02.326Z"}
{"level":"info","message":{"ip":"::1","method":"GET","path":"/api/movies/1241982","timestamp":"2024-12-17T01:57:02.640Z"},"timestamp":"2024-12-17T01:57:02.640Z"}
{"level":"info","message":{"ip":"::1","method":"GET","path":"/api/movies/1241982/stream","timestamp":"2024-12-17T01:57:03.679Z"},"timestamp":"2024-12-17T01:57:03.679Z"}
{"level":"info","message":{"ip":"::1","method":"GET","path":"/api/movies/1241982","timestamp":"2024-12-17T01:57:09.574Z"},"timestamp":"2024-12-17T01:57:09.574Z"}
{"level":"info","message":{"ip":"::1","method":"GET","path":"/api/movies/1241982","timestamp":"2024-12-17T01:57:09.702Z"},"timestamp":"2024-12-17T01:57:09.702Z"}
{"level":"info","message":{"ip":"::1","method":"GET","path":"/api/movies/1241982","timestamp":"2024-12-17T01:57:30.441Z"},"timestamp":"2024-12-17T01:57:30.442Z"}
{"level":"info","message":{"ip":"::1","method":"GET","path":"/api/movies/1241982","timestamp":"2024-12-17T01:57:30.583Z"},"timestamp":"2024-12-17T01:57:30.583Z"}
{"level":"info","message":{"ip":"::1","method":"GET","path":"/api/movies/1241982","timestamp":"2024-12-17T01:57:37.692Z"},"timestamp":"2024-12-17T01:57:37.692Z"}
{"level":"info","message":{"ip":"::1","method":"GET","path":"/api/movies/1241982","timestamp":"2024-12-17T01:57:37.768Z"},"timestamp":"2024-12-17T01:57:37.768Z"}
{"level":"info","message":{"ip":"::1","method":"GET","path":"/api/movies/1241982","timestamp":"2024-12-17T01:57:39.025Z"},"timestamp":"2024-12-17T01:57:39.026Z"}
{"level":"info","message":{"ip":"::1","method":"GET","path":"/api/movies/1241982","timestamp":"2024-12-17T01:57:39.053Z"},"timestamp":"2024-12-17T01:57:39.053Z"}
{"level":"info","message":{"ip":"::1","method":"GET","path":"/api/movies/1241982","timestamp":"2024-12-17T01:57:49.088Z"},"timestamp":"2024-12-17T01:57:49.088Z"}
{"level":"info","message":{"ip":"::1","method":"GET","path":"/api/movies/1241982","timestamp":"2024-12-17T01:57:49.168Z"},"timestamp":"2024-12-17T01:57:49.168Z"}
{"level":"info","message":{"ip":"::1","method":"GET","path":"/api/movies/1241982","timestamp":"2024-12-17T01:57:52.433Z"},"timestamp":"2024-12-17T01:57:52.433Z"}
{"level":"info","message":{"ip":"::1","method":"GET","path":"/api/movies/1241982","timestamp":"2024-12-17T01:57:52.459Z"},"timestamp":"2024-12-17T01:57:52.459Z"}
{"level":"info","message":{"ip":"::1","method":"GET","path":"/api/movies/1241982","timestamp":"2024-12-17T01:57:59.668Z"},"timestamp":"2024-12-17T01:57:59.668Z"}
{"level":"info","message":{"ip":"::1","method":"GET","path":"/api/movies/1241982","timestamp":"2024-12-17T01:57:59.747Z"},"timestamp":"2024-12-17T01:57:59.747Z"}
{"level":"info","message":{"ip":"::1","method":"GET","path":"/api/movies/1241982","timestamp":"2024-12-17T01:58:02.718Z"},"timestamp":"2024-12-17T01:58:02.718Z"}
{"level":"info","message":{"ip":"::1","method":"GET","path":"/api/movies/1241982","timestamp":"2024-12-17T01:58:02.743Z"},"timestamp":"2024-12-17T01:58:02.743Z"}
{"level":"info","message":{"ip":"::1","method":"GET","path":"/api/movies/1241982","timestamp":"2024-12-17T01:58:02.951Z"},"timestamp":"2024-12-17T01:58:02.951Z"}
{"level":"info","message":{"ip":"::1","method":"GET","path":"/api/movies/1241982","timestamp":"2024-12-17T01:58:02.980Z"},"timestamp":"2024-12-17T01:58:02.980Z"}
{"level":"info","message":{"ip":"::1","method":"GET","path":"/api/movies/1241982","timestamp":"2024-12-17T01:58:19.080Z"},"timestamp":"2024-12-17T01:58:19.080Z"}
{"level":"info","message":{"ip":"::1","method":"GET","path":"/api/movies/1241982","timestamp":"2024-12-17T01:58:19.183Z"},"timestamp":"2024-12-17T01:58:19.183Z"}
{"level":"info","message":{"ip":"::1","method":"GET","path":"/api/movies/1241982/stream","timestamp":"2024-12-17T01:58:19.990Z"},"timestamp":"2024-12-17T01:58:19.990Z"}
{"level":"info","message":{"ip":"::1","method":"GET","path":"/api/movies/1241982","timestamp":"2024-12-17T01:58:27.557Z"},"timestamp":"2024-12-17T01:58:27.557Z"}
{"level":"info","message":{"ip":"::1","method":"GET","path":"/api/movies/1241982","timestamp":"2024-12-17T01:58:27.634Z"},"timestamp":"2024-12-17T01:58:27.634Z"}
{"level":"info","message":{"ip":"::1","method":"GET","path":"/api/movies/1241982","timestamp":"2024-12-17T01:58:28.713Z"},"timestamp":"2024-12-17T01:58:28.713Z"}
{"level":"info","message":{"ip":"::1","method":"GET","path":"/api/movies/1241982","timestamp":"2024-12-17T01:58:28.739Z"},"timestamp":"2024-12-17T01:58:28.739Z"}
{"level":"info","message":{"ip":"::1","method":"GET","path":"/api/movies/1241982","timestamp":"2024-12-17T01:58:44.688Z"},"timestamp":"2024-12-17T01:58:44.688Z"}
{"level":"info","message":{"ip":"::1","method":"GET","path":"/api/movies/1241982","timestamp":"2024-12-17T01:58:44.820Z"},"timestamp":"2024-12-17T01:58:44.820Z"}
{"level":"info","message":{"ip":"::1","method":"GET","path":"/api/movies/1241982/stream","timestamp":"2024-12-17T01:58:45.402Z"},"timestamp":"2024-12-17T01:58:45.402Z"}
{"level":"info","message":{"ip":"::1","method":"GET","path":"/api/movies/1241982","timestamp":"2024-12-17T02:01:06.678Z"},"timestamp":"2024-12-17T02:01:06.678Z"}
{"level":"info","message":{"ip":"::1","method":"GET","path":"/api/movies/1241982","timestamp":"2024-12-17T02:01:06.804Z"},"timestamp":"2024-12-17T02:01:06.804Z"}
{"level":"info","message":{"ip":"::1","method":"GET","path":"/api/movies/1241982","timestamp":"2024-12-17T02:01:07.593Z"},"timestamp":"2024-12-17T02:01:07.593Z"}
{"level":"info","message":{"ip":"::1","method":"GET","path":"/api/movies/1241982","timestamp":"2024-12-17T02:01:07.619Z"},"timestamp":"2024-12-17T02:01:07.619Z"}
{"level":"info","message":{"ip":"::1","method":"GET","path":"/api/movies/1241982/stream","timestamp":"2024-12-17T02:01:08.186Z"},"timestamp":"2024-12-17T02:01:08.186Z"}
{"level":"info","message":{"ip":"::1","method":"GET","path":"/api/movies/1241982","timestamp":"2024-12-17T02:01:15.347Z"},"timestamp":"2024-12-17T02:01:15.347Z"}
{"level":"info","message":{"ip":"::1","method":"GET","path":"/api/movies/1241982","timestamp":"2024-12-17T02:01:15.422Z"},"timestamp":"2024-12-17T02:01:15.423Z"}
{"level":"info","message":{"ip":"::1","method":"GET","path":"/api/movies","timestamp":"2024-12-17T02:01:52.594Z"},"timestamp":"2024-12-17T02:01:52.594Z"}
{"level":"info","message":{"ip":"::1","method":"GET","path":"/api/movies","timestamp":"2024-12-17T02:01:52.763Z"},"timestamp":"2024-12-17T02:01:52.763Z"}
{"level":"info","message":{"ip":"::1","method":"GET","path":"/api/movies/1184918","timestamp":"2024-12-17T02:01:55.618Z"},"timestamp":"2024-12-17T02:01:55.618Z"}
{"level":"info","message":{"ip":"::1","method":"GET","path":"/api/movies/1184918","timestamp":"2024-12-17T02:01:55.889Z"},"timestamp":"2024-12-17T02:01:55.889Z"}
{"level":"info","message":{"ip":"::1","method":"GET","path":"/api/movies/1184918/stream","timestamp":"2024-12-17T02:02:03.736Z"},"timestamp":"2024-12-17T02:02:03.736Z"}
{"level":"info","message":{"ip":"::1","method":"GET","path":"/api/movies","timestamp":"2024-12-17T02:02:10.522Z"},"timestamp":"2024-12-17T02:02:10.522Z"}
{"level":"info","message":{"ip":"::1","method":"GET","path":"/api/movies","timestamp":"2024-12-17T02:02:10.727Z"},"timestamp":"2024-12-17T02:02:10.727Z"}
{"level":"info","message":{"ip":"::1","method":"GET","path":"/api/movies/1035048","timestamp":"2024-12-17T02:02:40.449Z"},"timestamp":"2024-12-17T02:02:40.449Z"}
{"level":"info","message":{"ip":"::1","method":"GET","path":"/api/movies/1035048","timestamp":"2024-12-17T02:02:40.574Z"},"timestamp":"2024-12-17T02:02:40.574Z"}
{"level":"info","message":{"ip":"::1","method":"GET","path":"/api/movies/1035048","timestamp":"2024-12-17T02:02:42.699Z"},"timestamp":"2024-12-17T02:02:42.699Z"}
{"level":"info","message":{"ip":"::1","method":"GET","path":"/api/movies/1035048","timestamp":"2024-12-17T02:02:42.724Z"},"timestamp":"2024-12-17T02:02:42.724Z"}
{"level":"info","message":{"ip":"::1","method":"GET","path":"/api/movies/1035048/stream","timestamp":"2024-12-17T02:02:45.865Z"},"timestamp":"2024-12-17T02:02:45.865Z"}
{"level":"info","message":{"ip":"::1","method":"GET","path":"/api/movies/1035048/stream","timestamp":"2024-12-17T02:02:50.433Z"},"timestamp":"2024-12-17T02:02:50.433Z"}
{"level":"info","message":{"ip":"::1","method":"GET","path":"/api/movies/1035048/stream","timestamp":"2024-12-17T02:02:55.587Z"},"timestamp":"2024-12-17T02:02:55.587Z"}
{"level":"info","message":{"ip":"::1","method":"GET","path":"/api/movies/1035048/stream","timestamp":"2024-12-17T02:02:56.037Z"},"timestamp":"2024-12-17T02:02:56.037Z"}
{"level":"info","message":{"ip":"::1","method":"GET","path":"/api/movies","timestamp":"2024-12-17T02:02:58.976Z"},"timestamp":"2024-12-17T02:02:58.976Z"}
{"level":"info","message":{"ip":"::1","method":"GET","path":"/api/movies","timestamp":"2024-12-17T02:02:59.086Z"},"timestamp":"2024-12-17T02:02:59.086Z"}
{"level":"info","message":{"ip":"::1","method":"GET","path":"/api/movies/845781","timestamp":"2024-12-17T02:03:01.627Z"},"timestamp":"2024-12-17T02:03:01.627Z"}
{"level":"info","message":{"ip":"::1","method":"GET","path":"/api/movies/845781","timestamp":"2024-12-17T02:03:01.656Z"},"timestamp":"2024-12-17T02:03:01.656Z"}
{"level":"info","message":{"ip":"::1","method":"GET","path":"/api/movies/845781/stream","timestamp":"2024-12-17T02:03:59.770Z"},"timestamp":"2024-12-17T02:03:59.770Z"}
{"level":"info","message":{"ip":"::1","method":"GET","path":"/api/movies/845781","timestamp":"2024-12-17T02:04:15.969Z"},"timestamp":"2024-12-17T02:04:15.969Z"}
{"level":"info","message":{"ip":"::1","method":"GET","path":"/api/movies/845781","timestamp":"2024-12-17T02:04:17.463Z"},"timestamp":"2024-12-17T02:04:17.463Z"}
{"level":"info","message":{"ip":"::1","method":"GET","path":"/api/movies","timestamp":"2024-12-17T02:04:31.426Z"},"timestamp":"2024-12-17T02:04:31.427Z"}
{"level":"info","message":{"ip":"::1","method":"GET","path":"/api/movies","timestamp":"2024-12-17T02:04:31.582Z"},"timestamp":"2024-12-17T02:04:31.582Z"}
{"level":"info","message":{"ip":"::1","method":"GET","path":"/api/movies","timestamp":"2024-12-17T02:04:32.352Z"},"timestamp":"2024-12-17T02:04:32.352Z"}
{"level":"info","message":{"ip":"::1","method":"GET","path":"/api/movies","timestamp":"2024-12-17T02:04:32.458Z"},"timestamp":"2024-12-17T02:04:32.458Z"}
{"level":"info","message":{"ip":"::1","method":"GET","path":"/api/movies/1035048","timestamp":"2024-12-17T02:04:36.073Z"},"timestamp":"2024-12-17T02:04:36.073Z"}
{"level":"info","message":{"ip":"::1","method":"GET","path":"/api/movies/1035048","timestamp":"2024-12-17T02:04:36.101Z"},"timestamp":"2024-12-17T02:04:36.101Z"}
{"level":"info","message":{"ip":"::1","method":"GET","path":"/api/movies/1035048/stream","timestamp":"2024-12-17T02:04:39.984Z"},"timestamp":"2024-12-17T02:04:39.984Z"}
{"level":"info","message":{"ip":"::1","method":"GET","path":"/api/movies","timestamp":"2024-12-17T02:04:43.439Z"},"timestamp":"2024-12-17T02:04:43.439Z"}
{"level":"info","message":{"ip":"::1","method":"GET","path":"/api/movies","timestamp":"2024-12-17T02:04:43.548Z"},"timestamp":"2024-12-17T02:04:43.548Z"}
{"level":"info","message":{"ip":"::1","method":"GET","path":"/api/movies","timestamp":"2024-12-17T02:04:44.317Z"},"timestamp":"2024-12-17T02:04:44.317Z"}
{"level":"info","message":{"ip":"::1","method":"GET","path":"/api/movies","timestamp":"2024-12-17T02:04:44.420Z"},"timestamp":"2024-12-17T02:04:44.420Z"}
{"level":"info","message":{"ip":"::1","method":"GET","path":"/api/movies/1035048","timestamp":"2024-12-17T02:04:47.168Z"},"timestamp":"2024-12-17T02:04:47.168Z"}
{"level":"info","message":{"ip":"::1","method":"GET","path":"/api/movies/1035048","timestamp":"2024-12-17T02:04:47.195Z"},"timestamp":"2024-12-17T02:04:47.195Z"}
{"level":"info","message":{"ip":"::1","method":"GET","path":"/api/movies/1035048","timestamp":"2024-12-17T02:05:44.619Z"},"timestamp":"2024-12-17T02:05:44.619Z"}
{"level":"info","message":{"ip":"::1","method":"GET","path":"/api/movies/1035048","timestamp":"2024-12-17T02:05:45.270Z"},"timestamp":"2024-12-17T02:05:45.270Z"}
{"level":"info","message":{"ip":"::1","method":"GET","path":"/api/movies","timestamp":"2024-12-17T02:06:39.569Z"},"timestamp":"2024-12-17T02:06:39.569Z"}
{"level":"info","message":{"ip":"::1","method":"GET","path":"/api/movies","timestamp":"2024-12-17T02:06:39.721Z"},"timestamp":"2024-12-17T02:06:39.721Z"}
{"level":"info","message":{"ip":"::1","method":"GET","path":"/api/movies","timestamp":"2024-12-17T02:06:41.009Z"},"timestamp":"2024-12-17T02:06:41.009Z"}
{"level":"info","message":{"ip":"::1","method":"GET","path":"/api/movies","timestamp":"2024-12-17T02:06:41.116Z"},"timestamp":"2024-12-17T02:06:41.116Z"}
{"level":"info","message":{"ip":"::1","method":"GET","path":"/api/movies/1241982","timestamp":"2024-12-17T02:06:55.588Z"},"timestamp":"2024-12-17T02:06:55.588Z"}
{"level":"info","message":{"ip":"::1","method":"GET","path":"/api/movies/1241982","timestamp":"2024-12-17T02:06:56.148Z"},"timestamp":"2024-12-17T02:06:56.148Z"}
{"level":"info","message":{"ip":"::1","method":"GET","path":"/api/movies/1241982/stream","timestamp":"2024-12-17T02:06:59.183Z"},"timestamp":"2024-12-17T02:06:59.183Z"}
{"level":"info","message":{"ip":"::1","method":"GET","path":"/api/movies","timestamp":"2024-12-17T02:07:03.644Z"},"timestamp":"2024-12-17T02:07:03.644Z"}
{"level":"info","message":{"ip":"::1","method":"GET","path":"/api/movies","timestamp":"2024-12-17T02:07:03.748Z"},"timestamp":"2024-12-17T02:07:03.748Z"}
{"level":"info","message":{"ip":"::1","method":"GET","path":"/api/movies/1035048","timestamp":"2024-12-17T02:07:05.083Z"},"timestamp":"2024-12-17T02:07:05.083Z"}
{"level":"info","message":{"ip":"::1","method":"GET","path":"/api/movies/1035048","timestamp":"2024-12-17T02:07:05.109Z"},"timestamp":"2024-12-17T02:07:05.109Z"}
{"level":"info","message":{"ip":"::1","method":"GET","path":"/api/movies/1035048/stream","timestamp":"2024-12-17T02:07:05.977Z"},"timestamp":"2024-12-17T02:07:05.977Z"}
{"level":"info","message":{"ip":"::1","method":"GET","path":"/api/movies","timestamp":"2024-12-17T02:07:07.738Z"},"timestamp":"2024-12-17T02:07:07.738Z"}
{"level":"info","message":{"ip":"::1","method":"GET","path":"/api/movies","timestamp":"2024-12-17T02:07:07.849Z"},"timestamp":"2024-12-17T02:07:07.849Z"}
{"level":"info","message":{"ip":"::1","method":"POST","path":"/api/playlist/add","timestamp":"2024-12-17T02:07:51.319Z"},"timestamp":"2024-12-17T02:07:51.319Z"}
{"level":"info","message":{"ip":"::1","method":"GET","path":"/api/movies","timestamp":"2024-12-17T02:08:15.629Z"},"timestamp":"2024-12-17T02:08:15.629Z"}
{"level":"info","message":{"ip":"::1","method":"GET","path":"/api/movies","timestamp":"2024-12-17T02:08:15.837Z"},"timestamp":"2024-12-17T02:08:15.837Z"}
{"level":"info","message":{"ip":"::1","method":"GET","path":"/api/movies/1035048","timestamp":"2024-12-17T02:08:17.783Z"},"timestamp":"2024-12-17T02:08:17.783Z"}
{"level":"info","message":{"ip":"::1","method":"GET","path":"/api/movies/1035048","timestamp":"2024-12-17T02:08:17.810Z"},"timestamp":"2024-12-17T02:08:17.810Z"}
{"level":"info","message":{"ip":"::1","method":"GET","path":"/api/movies/1035048/stream","timestamp":"2024-12-17T02:08:18.935Z"},"timestamp":"2024-12-17T02:08:18.935Z"}
{"level":"info","message":{"ip":"::1","method":"GET","path":"/api/movies","timestamp":"2024-12-17T02:08:23.558Z"},"timestamp":"2024-12-17T02:08:23.558Z"}
{"level":"info","message":{"ip":"::1","method":"GET","path":"/api/movies","timestamp":"2024-12-17T02:08:23.663Z"},"timestamp":"2024-12-17T02:08:23.663Z"}
{"level":"info","message":{"ip":"::1","method":"GET","path":"/api/movies/974453","timestamp":"2024-12-17T02:16:06.127Z"},"timestamp":"2024-12-17T02:16:06.127Z"}
{"level":"info","message":{"ip":"::1","method":"GET","path":"/api/movies/974453","timestamp":"2024-12-17T02:16:06.496Z"},"timestamp":"2024-12-17T02:16:06.496Z"}
{"level":"info","message":{"ip":"::1","method":"GET","path":"/api/movies/974453/stream","timestamp":"2024-12-17T02:16:09.174Z"},"timestamp":"2024-12-17T02:16:09.174Z"}
{"level":"info","message":{"ip":"::1","method":"GET","path":"/api/movies/974453/stream","timestamp":"2024-12-17T02:17:18.599Z"},"timestamp":"2024-12-17T02:17:18.599Z"}
{"level":"info","message":{"ip":"::1","method":"GET","path":"/api/movies/974453/stream","timestamp":"2024-12-17T02:17:19.251Z"},"timestamp":"2024-12-17T02:17:19.251Z"}
{"level":"info","message":{"ip":"::1","method":"GET","path":"/api/movies/974453","timestamp":"2024-12-17T02:18:55.097Z"},"timestamp":"2024-12-17T02:18:55.097Z"}
{"level":"info","message":{"ip":"::1","method":"GET","path":"/api/movies/974453","timestamp":"2024-12-17T02:20:02.020Z"},"timestamp":"2024-12-17T02:20:02.020Z"}
{"level":"info","message":{"ip":"::1","method":"GET","path":"/api/movies/974453","timestamp":"2024-12-17T02:20:02.155Z"},"timestamp":"2024-12-17T02:20:02.155Z"}
{"level":"info","message":{"ip":"::1","method":"GET","path":"/api/movies/974453/stream","timestamp":"2024-12-17T02:20:05.862Z"},"timestamp":"2024-12-17T02:20:05.862Z"}
{"level":"info","message":{"ip":"::1","method":"GET","path":"/api/movies/974453","timestamp":"2024-12-17T02:20:45.773Z"},"timestamp":"2024-12-17T02:20:45.773Z"}
{"level":"info","message":{"ip":"::1","method":"GET","path":"/api/movies","timestamp":"2024-12-17T02:21:10.504Z"},"timestamp":"2024-12-17T02:21:10.504Z"}
{"level":"info","message":{"ip":"::1","method":"GET","path":"/api/movies","timestamp":"2024-12-17T02:21:10.708Z"},"timestamp":"2024-12-17T02:21:10.708Z"}
{"level":"info","message":{"ip":"::1","method":"GET","path":"/api/movies/1138194","timestamp":"2024-12-17T02:21:21.290Z"},"timestamp":"2024-12-17T02:21:21.290Z"}
{"level":"info","message":{"ip":"::1","method":"GET","path":"/api/movies/1138194","timestamp":"2024-12-17T02:21:21.626Z"},"timestamp":"2024-12-17T02:21:21.626Z"}
{"level":"info","message":{"ip":"::1","method":"GET","path":"/api/movies/1138194/stream","timestamp":"2024-12-17T02:21:23.066Z"},"timestamp":"2024-12-17T02:21:23.066Z"}
{"level":"info","message":{"ip":"::1","method":"GET","path":"/api/movies","timestamp":"2024-12-17T02:21:35.555Z"},"timestamp":"2024-12-17T02:21:35.555Z"}
{"level":"info","message":{"ip":"::1","method":"GET","path":"/api/movies","timestamp":"2024-12-17T02:21:35.711Z"},"timestamp":"2024-12-17T02:21:35.711Z"}
{"level":"info","message":{"ip":"::1","method":"GET","path":"/api/movies/845781","timestamp":"2024-12-17T02:21:37.922Z"},"timestamp":"2024-12-17T02:21:37.922Z"}
{"level":"info","message":{"ip":"::1","method":"GET","path":"/api/movies/845781","timestamp":"2024-12-17T02:21:37.950Z"},"timestamp":"2024-12-17T02:21:37.950Z"}
{"level":"info","message":{"ip":"::1","method":"GET","path":"/api/movies/845781/stream","timestamp":"2024-12-17T02:21:40.904Z"},"timestamp":"2024-12-17T02:21:40.904Z"}
{"level":"info","message":{"ip":"::1","method":"GET","path":"/api/movies/845781/stream","timestamp":"2024-12-17T02:21:48.113Z"},"timestamp":"2024-12-17T02:21:48.113Z"}
{"level":"info","message":{"ip":"::1","method":"GET","path":"/api/movies","timestamp":"2024-12-17T02:21:59.402Z"},"timestamp":"2024-12-17T02:21:59.402Z"}
{"level":"info","message":{"ip":"::1","method":"GET","path":"/api/movies","timestamp":"2024-12-17T02:21:59.561Z"},"timestamp":"2024-12-17T02:21:59.561Z"}
{"level":"info","message":{"ip":"::1","method":"GET","path":"/api/movies","timestamp":"2024-12-17T02:26:41.721Z"},"timestamp":"2024-12-17T02:26:41.721Z"}
{"level":"info","message":{"ip":"::1","method":"GET","path":"/api/movies","timestamp":"2024-12-17T02:26:41.926Z"},"timestamp":"2024-12-17T02:26:41.926Z"}
